recipe_name,cuisine,recipe_type,ingredients,instructions
dal bhat,nepali,main dish,"['rice', 'split yellow lentils', 'turmeric powder', 'salt', 'ghee', 'mustard oil', 'onion', 'garlic', 'ginger', 'cumin seeds', 'dry red chili', 'coriander powder', 'asafoetida', 'fresh coriander', 'water']","['wash rice 3 to 4 times until water runs clear', 'cook rice in rice cooker or pot with 2 cups water until fluffy', 'wash lentils thoroughly and boil with turmeric and salt until soft and mushy', 'whisk cooked dal until smooth and add water to adjust consistency', 'for tadka heat ghee or mustard oil in small pan', 'add cumin seeds and let them splutter', 'add thinly sliced garlic and dry red chili fry until garlic turns golden', 'add pinch of asafoetida and immediately pour tadka over cooked dal', 'stir dal cover and let flavors meld for 2 minutes', 'serve dal over hot steamed rice with tarkari or achar on the side']"
aloo tarkari,nepali,side dish,"['potato', 'onion', 'garlic', 'ginger', 'tomato', 'turmeric powder', 'cumin powder', 'coriander powder', 'red chili powder', 'mustard oil', 'salt', 'green chili', 'fresh coriander', 'cumin seeds', 'water']","['heat mustard oil in pan until smoking point then reduce heat', 'add cumin seeds and let them splutter', 'add finely chopped onion and sauté until golden brown', 'add minced garlic and grated ginger cook for 1 minute', 'add chopped tomatoes and cook until soft and oil separates', 'add turmeric cumin powder coriander powder red chili powder and salt', 'stir masala for 2 minutes until fragrant', 'add diced potatoes and mix well with masala', 'add water cover and cook on medium heat until potatoes are tender', 'garnish with slit green chilies and fresh coriander', 'serve hot with dal bhat']"
cauliflower tarkari,nepali,side dish,"['cauliflower', 'onion', 'garlic', 'ginger', 'tomato', 'turmeric powder', 'cumin powder', 'coriander powder', 'red chili powder', 'mustard oil', 'salt', 'fresh coriander', 'green pea', 'water']","['cut cauliflower into medium florets and soak in salt water for 10 minutes', 'drain and set aside', 'heat mustard oil in pan until smoking reduce heat', 'add finely chopped onion and sauté until translucent', 'add minced garlic and grated ginger cook until raw smell disappears', 'add chopped tomatoes turmeric cumin powder coriander powder chili powder and salt', 'cook masala until oil separates from sides', 'add cauliflower florets and green peas stir to coat with masala', 'sprinkle little water cover and cook on low heat for 15 to 20 minutes', 'stir occasionally and add water only if needed cauliflower releases its own moisture', 'cook until cauliflower is tender but not mushy', 'garnish with fresh chopped coriander', 'serve hot with dal bhat']"
cabbage tarkari,nepali,side dish,"['cabbage', 'onion', 'garlic', 'green chili', 'turmeric powder', 'cumin powder', 'mustard oil', 'salt', 'fresh coriander', 'dried red chili', 'fenugreek seeds']","['shred cabbage finely and set aside', 'heat mustard oil in pan add fenugreek seeds until they turn dark', 'add dried red chili and chopped onion sauté until onion is soft', 'add minced garlic and slit green chilies cook for 1 minute', 'add turmeric powder and cumin powder stir quickly', 'add shredded cabbage and salt mix everything well', 'cover and cook on medium heat stirring occasionally', 'cabbage will release water so no additional water needed', 'cook for 10 to 12 minutes until cabbage is tender but still slight crunch', 'remove lid increase heat and stir fry for 2 minutes to evaporate excess moisture', 'garnish with fresh chopped coriander', 'serve hot as side dish with dal bhat']"
spinach tarkari,nepali,side dish,"['fresh spinach', 'onion', 'garlic', 'ginger', 'tomato', 'green chili', 'turmeric powder', 'mustard oil', 'salt', 'fresh coriander', 'butter']","['wash spinach leaves thoroughly to remove all dirt and grit', 'chop spinach roughly and set aside', 'heat mustard oil in pan add finely chopped onion', 'sauté onion until soft and translucent', 'add minced garlic and grated ginger cook for 1 minute', 'add chopped tomato and slit green chili cook until tomato softens', 'add turmeric powder and salt stir well', 'add chopped spinach in batches letting each batch wilt before adding more', 'cover and cook for 5 to 7 minutes on medium heat', 'spinach will release water no extra water needed', 'remove lid and cook until excess water evaporates', 'add small piece of butter at the end and mix gently', 'garnish with fresh coriander', 'serve hot or at room temperature with dal bhat']"

masoor dal,nepali,soup,"['red split lentils', 'turmeric powder', 'salt', 'mustard oil', 'onion', 'garlic', 'ginger', 'tomato', 'cumin seeds', 'dry red chili', 'coriander powder', 'green chili', 'fresh coriander', 'lemon juice', 'water']","['wash masoor dal thoroughly until water runs clear', 'boil dal with turmeric and salt in water until soft and creamy', 'whisk dal well to achieve smooth consistency add hot water if too thick', 'heat mustard oil in small pan for tadka', 'add cumin seeds and let them splutter', 'add chopped garlic and dry red chili fry until garlic is golden brown', 'add finely chopped onion and sauté until translucent', 'add grated ginger and chopped tomato cook until tomato softens', 'add coriander powder stir for 30 seconds', 'pour tadka over cooked dal and stir well', 'simmer dal for 5 minutes to blend flavors', 'add lemon juice and adjust salt', 'garnish with slit green chili and fresh coriander', 'serve hot with steamed rice or roti']"
moong dal,nepali,soup,"['split yellow moong lentils', 'turmeric powder', 'salt', 'ghee', 'garlic', 'ginger', 'onion', 'tomato', 'cumin seeds', 'asafoetida', 'dry red chili', 'fresh coriander', 'green chili', 'water']","['dry roast moong dal in pan on low heat until light golden and fragrant', 'wash roasted dal and boil with turmeric and salt until soft', 'whisk dal lightly moong dal should retain some texture', 'heat ghee in small pan for tadka', 'add cumin seeds let them crackle', 'add pinch of asafoetida', 'add sliced garlic and dry red chili fry until garlic is golden', 'add chopped onion and grated ginger sauté until onion is pink', 'add chopped tomato and cook until soft', 'pour tadka over cooked dal and mix well', 'simmer for 3 to 4 minutes', 'garnish with slit green chili and fresh coriander', 'serve hot with rice or as light soup']"
black lentil dal,nepali,soup,"['whole black lentils', 'turmeric powder', 'salt', 'mustard oil', 'onion', 'garlic', 'ginger', 'tomato', 'cumin seeds', 'coriander powder', 'red chili powder', 'garam masala', 'fresh coriander', 'green chili', 'water']","['soak whole black lentils overnight or minimum 6 hours', 'drain and boil lentils with turmeric and salt until very tender', 'lentils should be soft enough to mash between fingers', 'heat mustard oil in pan for tadka', 'add cumin seeds let them splutter', 'add finely chopped onion and sauté until deep golden brown', 'add minced garlic and grated ginger cook for 2 minutes', 'add chopped tomatoes cook until oil separates', 'add coriander powder red chili powder and garam masala', 'stir masala for 1 minute until fragrant', 'add boiled lentils to tadka pan with some cooking water', 'mix well and simmer on low heat for 15 to 20 minutes', 'dal should be thick and creamy add water to adjust consistency', 'garnish with slit green chili and fresh coriander', 'serve hot with rice or roti']"
pumpkin tarkari,nepali,side dish,"['pumpkin', 'onion', 'garlic', 'ginger', 'green chili', 'turmeric powder', 'cumin powder', 'mustard oil', 'salt', 'fresh coriander', 'fenugreek seeds', 'sugar', 'water']","['peel pumpkin remove seeds and cut into medium cubes', 'heat mustard oil in pan add fenugreek seeds until they turn dark', 'add finely chopped onion and sauté until soft', 'add minced garlic grated ginger and slit green chili', 'cook for 1 minute until fragrant', 'add turmeric powder and cumin powder stir quickly', 'add pumpkin cubes and salt mix gently to coat with masala', 'add pinch of sugar to enhance natural sweetness of pumpkin', 'add splash of water cover and cook on low heat', 'stir occasionally pumpkin cooks quickly and releases water', 'cook for 10 to 12 minutes until pumpkin is tender but holds shape', 'remove lid if excess water cook on high for 1 minute', 'garnish with fresh chopped coriander', 'serve warm with dal bhat']"
bodi ko tarkari,nepali,side dish,"['black eyed peas', 'onion', 'garlic', 'ginger', 'tomato', 'turmeric powder', 'cumin powder', 'coriander powder', 'red chili powder', 'mustard oil', 'salt', 'fresh coriander', 'green chili', 'cumin seeds', 'water']","['soak black eyed peas overnight or minimum 6 hours', 'drain and boil with salt and turmeric until tender but not mushy', 'drain and reserve cooking water', 'heat mustard oil in pan add cumin seeds let splutter', 'add finely chopped onion and sauté until golden brown', 'add minced garlic and grated ginger cook for 1 minute', 'add chopped tomatoes cook until soft and oil separates', 'add cumin powder coriander powder red chili powder and salt', 'stir masala for 1 minute until fragrant', 'add boiled black eyed peas and mix well with masala', 'add reserved cooking water to create light gravy', 'cover and simmer on low heat for 10 to 15 minutes', 'peas should absorb masala flavors', 'garnish with slit green chili and fresh coriander', 'serve hot with dal bhat']"

chana aloo,nepali,side dish,"['chickpea', 'potato', 'onion', 'garlic', 'ginger', 'tomato', 'turmeric powder', 'cumin powder', 'coriander powder', 'red chili powder', 'garam masala', 'mustard oil', 'salt', 'fresh coriander', 'green chili', 'cumin seeds', 'bay leaf', 'water']","['soak chickpeas overnight or minimum 8 hours', 'drain soaked chickpeas and boil with salt until tender reserve cooking water', 'peel and dice potatoes into cubes similar size to chickpeas', 'heat mustard oil in pan add cumin seeds and bay leaf', 'add finely chopped onion and sauté until deep golden brown', 'add minced garlic and grated ginger cook for 2 minutes', 'add chopped tomatoes cook until soft and oil separates', 'add turmeric cumin powder coriander powder red chili powder and salt', 'stir masala for 1 to 2 minutes until fragrant', 'add diced potatoes and stir to coat with masala', 'add boiled chickpeas and mix gently', 'pour reserved cooking water to create thick gravy', 'cover and cook on medium heat until potatoes are tender', 'sprinkle garam masala and mix gently', 'garnish with slit green chili and fresh coriander', 'serve hot with dal bhat or puri']"
egg curry,nepali,main dish,"['eggs', 'onion', 'garlic', 'ginger', 'tomato', 'turmeric powder', 'cumin powder', 'coriander powder', 'red chili powder', 'garam masala', 'mustard oil', 'salt', 'fresh coriander', 'green chili', 'cumin seeds', 'bay leaf', 'water']","['boil eggs for 8 to 10 minutes cool peel and set aside', 'lightly prick eggs with fork and rub with pinch of turmeric and salt', 'heat mustard oil in pan lightly fry eggs until golden on all sides remove and set aside', 'in same oil add cumin seeds and bay leaf let splutter', 'add finely chopped onion and sauté until deep golden brown', 'add minced garlic and grated ginger cook for 2 minutes', 'add chopped tomatoes cook until soft and oil separates', 'add turmeric cumin powder coriander powder red chili powder and salt', 'cook masala until fragrant and oil starts separating', 'add water to create gravy bring to gentle simmer', 'gently place fried eggs into gravy', 'cover and simmer on low heat for 10 minutes', 'sprinkle garam masala and fresh coriander', 'add slit green chilies on top', 'serve hot with rice or roti']"
chicken curry nepali style,nepali,main dish,"['chicken with bone', 'onion', 'garlic', 'ginger', 'tomato', 'turmeric powder', 'cumin powder', 'coriander powder', 'red chili powder', 'garam masala', 'mustard oil', 'salt', 'fresh coriander', 'green chili', 'cumin seeds', 'bay leaf', 'cinnamon stick', 'green cardamom', 'cloves', 'yogurt', 'water']","['heat mustard oil in heavy bottom pot until smoking then reduce heat', 'add cumin seeds bay leaf cinnamon cardamom and cloves let splutter', 'add finely chopped onion and sauté until deep golden brown this is key for color', 'add minced garlic and grated ginger cook for 2 to 3 minutes', 'add chopped tomatoes and cook until completely soft and oil separates', 'add turmeric cumin powder coriander powder red chili powder and salt', 'cook masala on medium low heat until fragrant about 5 minutes', 'add chicken pieces and stir to coat each piece with masala', 'cook chicken with masala for 10 minutes stirring occasionally', 'add whisked yogurt and mix well cook for another 5 minutes', 'add hot water to create gravy bring to boil then reduce to simmer', 'cover and cook on low heat for 25 to 30 minutes until chicken is tender', 'sprinkle garam masala and adjust salt', 'garnish with fresh coriander and slit green chilies', 'serve hot with steamed rice or roti']"
khasi ko masu,nepali,main dish,"['goat meat with bone', 'onion', 'garlic', 'ginger', 'tomato', 'turmeric powder', 'cumin powder', 'coriander powder', 'red chili powder', 'garam masala', 'mustard oil', 'salt', 'fresh coriander', 'green chili', 'cumin seeds', 'bay leaf', 'cinnamon stick', 'black cardamom', 'cloves', 'yogurt', 'water']","['heat mustard oil in pressure cooker or heavy pot until smoking', 'add cumin seeds bay leaf cinnamon black cardamom and cloves', 'add finely chopped onion and sauté until very deep golden brown almost caramelized', 'add minced garlic and grated ginger cook for 3 minutes', 'add chopped tomatoes and cook until oil separates completely', 'add turmeric cumin powder coriander powder red chili powder and salt', 'cook masala on low heat stirring frequently for 8 to 10 minutes', 'add goat meat pieces and stir well to coat with masala', 'cook meat with masala on medium heat for 15 minutes stirring occasionally', 'add whisked yogurt and mix thoroughly cook for 5 minutes', 'add hot water enough to cover meat', 'pressure cook for 4 to 5 whistles or until meat is tender', 'let pressure release naturally open and check meat tenderness', 'if gravy is thin simmer on high heat to thicken', 'sprinkle garam masala and fresh coriander', 'add slit green chilies', 'serve hot with steamed rice or sel roti']"
fish curry nepali style,nepali,main dish,"['fish steak', 'onion', 'garlic', 'ginger', 'tomato', 'turmeric powder', 'cumin powder', 'coriander powder', 'red chili powder', 'mustard oil', 'salt', 'fresh coriander', 'green chili', 'cumin seeds', 'fenugreek seeds', 'bay leaf', 'lemon juice', 'water']","['clean fish pieces and marinate with turmeric and salt for 15 minutes', 'heat mustard oil in pan until smoking', 'shallow fry fish pieces until golden on both sides remove and set aside', 'in remaining oil add fenugreek seeds and cumin seeds let splutter', 'add bay leaf and chopped onion sauté until golden brown', 'add minced garlic and grated ginger cook for 2 minutes', 'add chopped tomatoes cook until soft and oil separates', 'add turmeric cumin powder coriander powder red chili powder and salt', 'cook masala until fragrant about 3 to 4 minutes', 'add water to create gravy bring to gentle boil', 'reduce heat to low gently slide fried fish pieces into gravy', 'cover and simmer on very low heat for 10 to 15 minutes', 'do not stir too much fish pieces are delicate', 'add lemon juice and gently swirl the pan', 'garnish with fresh coriander and slit green chilies', 'serve hot with steamed rice']"

aloo tama,nepali,main dish,"['bamboo shoots', 'potato', 'onion', 'garlic', 'ginger', 'tomato', 'turmeric powder', 'cumin powder', 'coriander powder', 'red chili powder', 'mustard oil', 'salt', 'fresh coriander', 'green chili', 'fenugreek seeds', 'water']","['drain and rinse bamboo shoots if using canned or fermented', 'if using fresh bamboo shoots boil with turmeric and salt then drain', 'peel and dice potatoes into medium cubes', 'heat mustard oil in pan add fenugreek seeds until they turn dark', 'add finely chopped onion and sauté until golden brown', 'add minced garlic and grated ginger cook for 2 minutes', 'add chopped tomatoes cook until soft and oil separates', 'add turmeric cumin powder coriander powder red chili powder and salt', 'cook masala until fragrant about 2 minutes', 'add diced potatoes and bamboo shoots stir well to coat with masala', 'add water to create light gravy bring to boil', 'cover and simmer on medium low heat for 20 to 25 minutes', 'cook until potatoes are tender and flavors meld', 'the dish should have medium thick gravy not too watery', 'garnish with slit green chilies and fresh coriander', 'serve hot with steamed rice']"
gundruk ko jhol,nepali,soup,"['fermented leafy greens', 'onion', 'garlic', 'ginger', 'tomato', 'green chili', 'turmeric powder', 'cumin powder', 'mustard oil', 'salt', 'fresh coriander', 'lemon juice', 'water']","['squeeze gundruk to remove excess brine and chop roughly', 'heat mustard oil in pot until smoking then reduce heat', 'add finely chopped onion and sauté until soft and translucent', 'add minced garlic grated ginger and slit green chili cook for 2 minutes', 'add chopped tomatoes and cook until they break down completely', 'add turmeric powder and cumin powder stir for 1 minute', 'add chopped gundruk and stir fry for 5 minutes on medium heat', 'pour hot water bring to boil', 'reduce heat and simmer for 20 to 25 minutes until gundruk is tender', 'gundruk will release its sour fermented flavor into the broth', 'season with salt be careful as gundruk already has salt', 'add lemon juice to brighten the sourness if needed', 'garnish with fresh coriander', 'serve hot with steamed rice pour jhol over rice']"
gundruk with potato,nepali,side dish,"['fermented leafy greens', 'potato', 'onion', 'garlic', 'ginger', 'green chili', 'turmeric powder', 'mustard oil', 'salt', 'fresh coriander', 'fenugreek seeds', 'lemon juice']","['squeeze gundruk to remove excess brine and chop roughly', 'peel and dice potatoes into small cubes', 'heat mustard oil in pan add fenugreek seeds until dark', 'add finely chopped onion and sauté until golden', 'add minced garlic grated ginger and slit green chili cook for 1 minute', 'add turmeric powder and stir quickly', 'add diced potatoes and stir fry for 5 minutes', 'cover and cook potatoes on low heat until half tender', 'add chopped gundruk and mix well with potatoes', 'cover and cook on low heat for 10 minutes stirring occasionally', 'both potato and gundruk should be tender', 'remove lid increase heat and stir fry for 2 minutes to remove excess moisture', 'squeeze lemon juice over top and mix gently', 'garnish with fresh coriander', 'serve as side dish with dal bhat']"
kwati,nepali,soup,"['mixed sprouted beans', 'onion', 'garlic', 'ginger', 'tomato', 'turmeric powder', 'cumin powder', 'coriander powder', 'red chili powder', 'ghee', 'salt', 'fresh coriander', 'green chili', 'bay leaf', 'timur pepper', 'water']","['soak mix of black gram green gram chickpeas soybeans cowpeas fava beans overnight', 'drain and tie soaked beans in clean cloth keep in warm place for 2 days to sprout', 'rinse sprouted beans thoroughly', 'heat ghee in pressure cooker add bay leaf', 'add finely chopped onion and sauté until golden brown', 'add minced garlic and grated ginger cook for 2 minutes', 'add chopped tomatoes cook until soft', 'add turmeric cumin powder coriander powder red chili powder and salt', 'stir masala for 1 minute', 'add sprouted beans and mix well with masala', 'add water generously kwati should be soupy', 'pressure cook for 3 to 4 whistles or until all beans are very tender', 'let pressure release naturally', 'open and check consistency add hot water if too thick', 'simmer for 5 minutes adjust seasoning', 'garnish with fresh coriander slit green chilies and crushed timur pepper', 'serve hot as soup especially during janai purnima festival']"
dhido,nepali,main dish,"['buckwheat flour', 'finger millet flour', 'water', 'salt', 'ghee', 'vegetable curry', 'pickle', 'yogurt']","['choose flour buckwheat for earthy flavor millet for nuttier taste or mix both', 'bring water to rolling boil in heavy bottom pot add salt', 'once boiling reduce heat to low', 'slowly pour flour into center of boiling water do not stir yet', 'let flour mound sit for 2 minutes to partially cook', 'using wooden spatula or dhido stirrer start stirring vigorously', 'break all lumps and keep stirring continuously', 'cook for 15 to 20 minutes stirring constantly', 'dhido is ready when it becomes thick smooth dough like mass and leaves sides of pot', 'it should be firm enough to hold shape but still soft', 'remove from heat', 'wet a plate or bowl with cold water', 'transfer dhido onto wet surface shape into mound', 'make a well in center add generous dollop of ghee', 'serve immediately with vegetable curry pickle and yogurt on side', 'to eat pinch small piece of dhido dip in ghee and curry then eat']"

pahadi roti,nepali,breakfast,"['buckwheat flour', 'finger millet flour', 'corn flour', 'water', 'salt', 'ghee', 'vegetable oil']","['choose flour based on availability buckwheat for earthy taste millet for nutty flavor or corn for sweetness', 'take flour in mixing bowl add pinch of salt', 'gradually add warm water and knead into soft dough', 'dough should be pliable and not sticky buckwheat and millet dough will be more crumbly than wheat', 'cover dough with damp cloth and rest for 15 minutes', 'divide dough into golf ball sized portions', 'wet hands with water take one portion and pat flat on greased surface', 'use wet fingers to gently press and spread into thin circle about 6 inches diameter', 'traditional method is to pat dough directly on flat stone or iron tawa by hand', 'heat tawa or flat pan on medium high heat lightly grease with oil', 'carefully transfer roti onto hot tawa', 'cook for 2 minutes until bottom side has brown spots', 'flip and cook other side for 2 minutes', 'apply small amount of ghee or oil on both sides while cooking', 'roti should be crispy at edges and cooked through', 'serve hot with ghee vegetable curry or achar', 'pahadi roti is best eaten immediately as it hardens when cold']"
veg thukpa,nepali,main dish,"['flat wheat noodles', 'cabbage', 'carrot', 'green bean', 'onion', 'garlic', 'ginger', 'tomato', 'green chili', 'turmeric powder', 'cumin powder', 'coriander powder', 'soy sauce', 'vegetable oil', 'salt', 'fresh coriander', 'spring onion', 'lemon juice', 'vegetable broth', 'water']","['prepare noodles according to package instructions drain rinse with cold water and set aside', 'shred cabbage thinly slice carrot and chop green beans into small pieces', 'heat oil in large pot add finely chopped onion', 'sauté onion until soft and translucent', 'add minced garlic grated ginger and slit green chili cook for 2 minutes', 'add chopped tomatoes cook until soft', 'add turmeric cumin powder and coriander powder stir for 1 minute', 'add all chopped vegetables cabbage carrot green beans', 'stir fry vegetables on high heat for 3 to 4 minutes', 'add vegetable broth or water bring to boil', 'add soy sauce and salt adjust to taste', 'reduce heat and simmer until vegetables are tender but still have bite', 'to serve place portion of noodles in deep bowl', 'ladle hot vegetable soup over noodles', 'garnish generously with chopped spring onion and fresh coriander', 'squeeze lemon juice on top', 'serve piping hot with extra soy sauce and chili paste on side']"
chicken thukpa,nepali,main dish,"['flat wheat noodles', 'boneless chicken', 'cabbage', 'carrot', 'onion', 'garlic', 'ginger', 'tomato', 'green chili', 'turmeric powder', 'cumin powder', 'coriander powder', 'soy sauce', 'mustard oil', 'salt', 'fresh coriander', 'spring onion', 'lemon juice', 'chicken broth', 'water']","['prepare noodles according to package instructions drain rinse with cold water set aside', 'cut chicken into thin bite sized strips', 'heat mustard oil in large pot until smoking', 'add finely chopped onion and sauté until golden', 'add minced garlic grated ginger and slit green chili cook for 2 minutes', 'add chicken strips and stir fry until chicken turns white on all sides', 'add chopped tomatoes cook until soft', 'add turmeric cumin powder and coriander powder stir for 1 minute', 'add shredded cabbage and sliced carrot', 'stir fry vegetables with chicken for 3 minutes', 'pour chicken broth or water bring to boil', 'add soy sauce and salt reduce heat and simmer for 15 minutes', 'cook until chicken is tender and vegetables are cooked', 'soup should be flavorful and slightly thick', 'to serve place noodles in deep bowl', 'ladle hot chicken soup over noodles', 'garnish with chopped spring onion and fresh coriander', 'squeeze lemon juice on top', 'serve piping hot with chili paste or achar on side']"
sinki soup,nepali,soup,"['fermented radish', 'potato', 'onion', 'garlic', 'ginger', 'tomato', 'green chili', 'turmeric powder', 'cumin powder', 'mustard oil', 'salt', 'fresh coriander', 'fenugreek seeds', 'lemon juice', 'water']","['soak sinki in warm water for 30 minutes to rehydrate and reduce intense sourness', 'drain and squeeze sinki set aside', 'peel and dice potato into small cubes', 'heat mustard oil in pot add fenugreek seeds until they turn dark', 'add finely chopped onion sauté until golden brown', 'add minced garlic grated ginger and slit green chili cook for 2 minutes', 'add chopped tomatoes cook until soft and oil separates', 'add turmeric and cumin powder stir for 1 minute', 'add sinki and diced potatoes stir fry for 5 minutes', 'the sinki will release its pungent fermented aroma', 'pour hot water bring to boil', 'reduce heat cover and simmer for 25 to 30 minutes', 'cook until potato is tender and sinki is soft', 'soup should be tangy sour and slightly thick from potato starch', 'season with salt carefully as sinki already has salt', 'add lemon juice if more sourness desired', 'garnish with fresh coriander', 'serve hot with steamed rice best enjoyed in cold winter months']"

chatamari,nepali,appetizer,"['rice flour', 'water', 'egg', 'ground chicken', 'onion', 'garlic', 'ginger', 'tomato', 'green chili', 'turmeric powder', 'cumin powder', 'coriander powder', 'salt', 'mustard oil', 'fresh coriander', 'soy sauce']","['mix rice flour with water and pinch of salt to make thin batter like crepe batter', 'let batter rest for 15 minutes', 'finely chop onion garlic ginger tomato and green chili for topping', 'mix ground chicken with chopped onion garlic ginger turmeric cumin powder coriander powder salt and soy sauce', 'heat flat tawa or non stick pan on medium heat grease lightly with oil', 'pour ladle of batter and spread into thin circle like crepe', 'spread thin layer of chicken mixture on top of batter while still wet', 'crack one egg on top if making egg chatamari and spread gently', 'sprinkle chopped onion tomato and green chili on top', 'cover with lid and cook on low heat for 5 to 7 minutes', 'bottom should be crispy and golden brown', 'top side should be cooked through with egg set', 'drizzle few drops of mustard oil on top', 'garnish with fresh coriander', 'cut into wedges and serve hot with tomato achar']"
bara,nepali,appetizer,"['black lentils', 'onion', 'garlic', 'ginger', 'green chili', 'turmeric powder', 'salt', 'mustard oil', 'fresh coriander', 'egg', 'water']","['soak black lentils overnight or minimum 8 hours', 'drain soaked lentils and grind into thick smooth paste using minimal water', 'paste should be thick like pancake batter', 'finely chop onion garlic ginger and green chili', 'mix chopped ingredients into lentil paste', 'add turmeric powder and salt mix well', 'beat batter vigorously for 2 minutes to incorporate air for fluffiness', 'heat tawa or flat pan on medium heat grease with mustard oil', 'pour ladle of batter and spread into thick round patty about half inch thick', 'for egg bara crack an egg on top of batter while cooking', 'drizzle mustard oil around edges', 'cover and cook on low heat for 5 minutes', 'flip carefully cook other side until golden brown and crispy', 'bara should be crispy outside and soft inside', 'garnish with fresh coriander and green chili', 'serve hot with tomato achar or chutney']"
choila,nepali,appetizer,"['boneless chicken', 'garlic', 'ginger', 'green chili', 'onion', 'tomato', 'mustard oil', 'lemon juice', 'turmeric powder', 'cumin powder', 'red chili powder', 'salt', 'fresh coriander', 'fenugreek seeds', 'timur pepper']","['boil or grill chicken until fully cooked then shred or cut into small pieces', 'heat generous amount of mustard oil in pan until smoking', 'add fenugreek seeds and let them turn dark', 'remove from heat and let oil cool slightly', 'in mixing bowl add shredded chicken', 'add finely minced garlic grated ginger and finely chopped green chili', 'add turmeric powder cumin powder red chili powder and salt', 'pour the cooled mustard oil with fenugreek over chicken mixture', 'add freshly squeezed lemon juice', 'finely chop onion and tomato add to mixture', 'sprinkle crushed timur pepper', 'mix everything thoroughly by hand massaging spices into chicken', 'let choila rest for at least 30 minutes for flavors to meld', 'garnish with fresh coriander', 'serve cold or at room temperature with chiura']"
kachila,nepali,appetizer,"['raw minced buff meat', 'garlic', 'ginger', 'green chili', 'onion', 'mustard oil', 'lemon juice', 'turmeric powder', 'cumin powder', 'salt', 'fresh coriander', 'fenugreek seeds', 'timur pepper', 'soybean powder']","['use very fresh high quality buff meat finely minced', 'heat mustard oil with fenugreek seeds until smoking then cool completely', 'in bowl mix minced meat with generous amount of mustard oil', 'add finely minced garlic and grated ginger', 'add finely chopped green chili and onion', 'add turmeric powder cumin powder and salt', 'add lemon juice the acid partially cooks the meat', 'add roasted soybean powder for nutty texture', 'sprinkle crushed timur pepper', 'mix everything thoroughly by hand for 3 to 4 minutes', 'the mixture should be well coated and slightly glossy from oil', 'cover and refrigerate for 30 minutes', 'garnish with fresh coriander and onion rings', 'serve cold immediately with chiura or as side dish', 'note this dish contains raw meat consume fresh and at own discretion']"
haku choila,nepali,appetizer,"['boneless buff meat', 'garlic', 'ginger', 'green chili', 'onion', 'tomato', 'mustard oil', 'lemon juice', 'turmeric powder', 'cumin powder', 'red chili powder', 'salt', 'fresh coriander', 'fenugreek seeds', 'timur pepper']","['char buff meat directly over open flame or charcoal grill until outer surface is blackened', 'meat should be cooked through inside while outside develops charred smoky flavor', 'let charred meat cool slightly then cut or shred into small pieces', 'heat mustard oil with fenugreek seeds until smoking remove from heat', 'in bowl combine shredded charred meat', 'add finely minced garlic and grated ginger', 'add finely chopped green chili onion and tomato', 'add turmeric cumin powder red chili powder and salt', 'pour hot mustard oil with fenugreek over mixture', 'add lemon juice and crushed timur pepper', 'mix thoroughly by hand massaging spices into meat', 'the charred smoky flavor distinguishes haku choila from regular choila', 'let rest for 30 minutes for flavors to develop', 'garnish with fresh coriander', 'serve at room temperature with chiura']"
bhuttan,nepali,appetizer,"['buff tripe', 'buff intestine', 'garlic', 'ginger', 'green chili', 'onion', 'tomato', 'turmeric powder', 'cumin powder', 'red chili powder', 'salt', 'mustard oil', 'fresh coriander', 'fenugreek seeds', 'lemon juice', 'timur pepper', 'bay leaf']","['clean tripe and intestine thoroughly multiple times with salt and water', 'boil cleaned offal with turmeric bay leaf and salt until tender about 45 minutes', 'drain and cut into bite sized pieces', 'heat mustard oil in pan until smoking', 'add fenugreek seeds and let them turn dark', 'add finely chopped onion and sauté until golden brown', 'add minced garlic and grated ginger cook for 2 minutes', 'add chopped tomatoes cook until oil separates', 'add turmeric cumin powder red chili powder and salt', 'add boiled offal pieces and stir fry on high heat for 10 minutes', 'offal should become crispy on edges and well coated with masala', 'add crushed timur pepper and mix well', 'remove from heat add lemon juice', 'garnish with fresh coriander and sliced green chili', 'serve hot with chiura or as snack with drinks']"
yomari,nepali,dessert,"['rice flour', 'jaggery', 'sesame seeds', 'grated coconut', 'milk', 'cardamom powder', 'water', 'ghee', 'salt']","['roast sesame seeds in dry pan until golden brown and fragrant', 'grind roasted sesame seeds coarsely', 'mix ground sesame with grated jaggery and fresh grated coconut', 'add cardamom powder to filling and mix well', 'for dough heat water until warm dissolve pinch of salt', 'gradually add rice flour to warm water kneading continuously', 'knead into smooth soft pliable dough that does not crack', 'cover dough with damp cloth to prevent drying', 'take small portion of dough about golf ball size', 'using fingers shape dough into cone or fish shape with hollow center', 'traditional shape is pointed at one end like fish', 'fill hollow center with jaggery sesame coconut mixture', 'seal the open end carefully by pinching dough together', 'ensure no filling is exposed to prevent leaking during steaming', 'place yomari in greased steamer basket without touching each other', 'steam for 12 to 15 minutes on medium heat', 'yomari is done when outer skin looks glossy and slightly translucent', 'remove from steamer let cool for 2 minutes', 'drizzle warm ghee over yomari before serving', 'serve warm as festive dessert']"
juju dhau,nepali,dessert,"['whole milk', 'plain yogurt', 'sugar', 'cardamom powder', 'saffron strands', 'chopped pistachio', 'clay pot']","['pour whole milk into heavy bottom pot bring to boil', 'reduce heat to low and simmer milk stirring frequently', 'simmer until milk reduces to about half original volume', 'this slow reduction gives juju dhau its rich thick texture', 'add sugar and stir until completely dissolved', 'soak saffron strands in tablespoon of warm milk crush slightly', 'add saffron milk and cardamom powder to reduced milk', 'remove from heat and let cool to lukewarm temperature', 'temperature should be warm not hot when touched feels comfortable', 'add plain yogurt culture and stir gently but thoroughly', 'pour mixture into traditional clay pot', 'clay pot absorbs excess moisture and adds earthy flavor', 'cover pot with clean cloth or lid', 'place in warm draft free area for 6 to 8 hours or overnight', 'do not disturb or move pot during setting time', 'once set refrigerate for 3 to 4 hours', 'juju dhau should be thick creamy and slightly caramel colored', 'garnish with chopped pistachio and few saffron strands', 'serve chilled in the clay pot']"
lakhamari,nepali,dessert,"['all-purpose flour', 'sugar', 'ghee', 'milk', 'cardamom powder', 'vegetable oil', 'water', 'baking powder']","['mix flour baking powder and cardamom powder in bowl', 'melt ghee and add to flour mixture rub together until crumbly', 'gradually add warm milk and knead into stiff smooth dough', 'cover dough and rest for 30 minutes', 'divide dough into equal portions', 'roll each portion into thin rope about half inch thickness', 'shape rope into coil overlapping loops to form round spiral shape', 'traditional lakhamari has concentric rings coiled like a disc', 'pinch ends to secure the spiral shape', 'heat oil in deep pan for frying', 'oil should be medium hot not smoking', 'carefully slide shaped lakhamari into oil', 'fry on low to medium heat until golden brown and crispy', 'this takes 8 to 10 minutes lakhamari should cook through', 'remove and drain on paper towel', 'prepare sugar syrup by dissolving sugar in water and boiling to one string consistency', 'dip fried lakhamari in sugar syrup for few seconds', 'remove and let excess syrup drip off', 'let cool completely syrup will crystallize forming sweet crust', 'store in airtight container', 'serve as sweet snack during festivals']"
sanyaa khuna,nepali,soup,"['fish head', 'fish bone', 'garlic', 'ginger', 'onion', 'tomato', 'turmeric powder', 'cumin powder', 'mustard oil', 'salt', 'green chili', 'fresh coriander', 'fenugreek seeds', 'lemon juice', 'water']","['clean fish head and bones thoroughly with salt and water', 'heat mustard oil in pot until smoking', 'add fenugreek seeds until dark', 'add finely chopped onion and sauté until deep golden', 'add minced garlic and grated ginger cook for 2 minutes', 'add chopped tomatoes and cook until soft', 'add turmeric and cumin powder stir for 1 minute', 'add fish head and bones to pot', 'stir fry gently with masala for 5 minutes', 'pour hot water enough to fully submerge fish', 'add salt and bring to boil', 'reduce heat cover and simmer on low heat for 40 to 45 minutes', 'the long simmer extracts gelatin from fish bones', 'broth should become slightly thick and gelatinous', 'strain soup through fine sieve pressing fish to extract all flavor', 'return strained broth to pot', 'add slit green chilies and simmer for 5 more minutes', 'adjust salt and add lemon juice', 'garnish with fresh coriander', 'serve very hot traditionally sipped from bowl']"

sel roti,nepali,breakfast,"['rice flour', 'all-purpose flour', 'sugar', 'ghee', 'milk', 'water', 'cardamom powder', 'ripe banana', 'vegetable oil', 'baking powder', 'salt']","['soak raw rice overnight drain and grind into fine paste or use fine rice flour', 'mash ripe banana until smooth and creamy', 'in large bowl mix rice flour all purpose flour and baking powder', 'add sugar cardamom powder and pinch of salt', 'add mashed banana and melted ghee', 'gradually add warm milk and water mixing continuously', 'batter should be smooth and slightly thicker than crepe batter', 'whisk batter vigorously for 3 to 4 minutes to incorporate air', 'cover and let batter rest for 2 to 3 hours at room temperature', 'batter will ferment slightly developing subtle tang', 'heat oil in deep wide pan or kadhai for deep frying', 'oil should be medium hot not smoking', 'pour batter into piping bag or squeeze bottle with wide nozzle', 'carefully pipe batter in circular ring shape into hot oil', 'start from center and spiral outward making concentric circles', 'fry on medium heat until bottom side is golden brown', 'flip and fry other side until evenly golden and crispy', 'sel roti should be crispy outside and soft inside', 'remove and drain on paper towels', 'serve warm or at room temperature', 'store in airtight container stays fresh for 2 to 3 days']"
puri tarkari,nepali,main dish,"['all-purpose flour', 'whole wheat flour', 'sooji', 'potato', 'onion', 'garlic', 'ginger', 'tomato', 'green chili', 'turmeric powder', 'cumin powder', 'coriander powder', 'red chili powder', 'garam masala', 'mustard oil', 'salt', 'fresh coriander', 'cumin seeds', 'water', 'vegetable oil']","['for puri mix all purpose flour whole wheat flour sooji and salt', 'add little oil and mix until crumbly', 'gradually add warm water knead into stiff smooth dough', 'cover with damp cloth rest for 20 minutes', 'divide dough into small balls roll into small circles about 4 inches', 'heat oil for deep frying oil should be hot', 'slide puri into hot oil press gently it should puff up immediately', 'fry until golden on both sides drain on paper towels', 'for tarkari heat mustard oil add cumin seeds let splutter', 'add finely chopped onion sauté until deep golden', 'add minced garlic and grated ginger cook for 2 minutes', 'add chopped tomatoes cook until soft and oil separates', 'add turmeric cumin powder coriander powder red chili powder and salt', 'cook masala until fragrant', 'add diced potatoes and stir to coat with masala', 'add water to create gravy cover and cook until potatoes are tender', 'sprinkle garam masala and fresh coriander', 'add slit green chilies', 'serve hot puri with potato tarkari on side', 'traditional dashain breakfast special']"
kheer,nepali,dessert,"['rice', 'whole milk', 'sugar', 'cardamom powder', 'saffron strands', 'chopped nuts', 'ghee', 'raisins', 'water']","['wash rice thoroughly and soak for 30 minutes then drain', 'heat ghee in heavy bottom pot add drained rice', 'sauté rice in ghee on low heat for 2 to 3 minutes until fragrant', 'do not brown the rice', 'pour whole milk into pot and bring to boil', 'once boiling reduce heat to low', 'simmer rice in milk stirring frequently to prevent sticking', 'cook for 30 to 40 minutes on low heat', 'rice grains should be very soft and milk should reduce and thicken', 'the kheer should have creamy consistency not too thick', 'add sugar and stir until dissolved', 'add crushed cardamom powder and saffron strands', 'soak saffron in tablespoon of warm milk before adding for better color', 'add raisins and cook for 5 more minutes', 'remove from heat let cool slightly', 'kheer will thicken more as it cools', 'garnish with chopped almonds cashews and pistachios', 'serve warm or chilled', 'refrigerate if serving cold stays fresh for 2 days']"
sikarni,nepali,dessert,"['yogurt', 'khoya', 'sugar', 'cardamom powder', 'saffron strands', 'chopped nuts', 'pistachio', 'almond']","['hang yogurt in muslin cloth for 2 to 3 hours to drain excess water', 'this makes thick hung curd like greek yogurt', 'grate khoya or crumble it finely', 'in bowl whisk hung yogurt until smooth and creamy', 'add sugar and whisk until sugar dissolves completely', 'add crumbled khoya and mix thoroughly', 'khoya adds rich creamy texture to sikarni', 'add cardamom powder and mix well', 'soak saffron in tablespoon of warm milk crush and add to mixture', 'mix everything until well combined and smooth', 'refrigerate for at least 2 hours to chill and set', 'spoon into serving bowls', 'garnish generously with chopped pistachios and almonds', 'serve chilled as festive dessert']"
anarsa,nepali,dessert,"['raw rice', 'jaggery', 'ghee', 'poppy seeds', 'vegetable oil', 'water', 'cardamom powder']","['soak raw rice in water for 3 days changing water daily', 'drain soaked rice completely and spread on cloth to air dry', 'rice should be damp but not wet', 'grind rice into fine powder using mixer or grinder', 'grate jaggery and mix with rice flour', 'add cardamom powder and melted ghee', 'knead into soft dough without adding water', 'the moisture from jaggery should be enough to bind dough', 'if too dry add few drops of water only if needed', 'cover dough and rest for 2 hours', 'divide dough into small balls', 'grease palm with ghee flatten each ball into thin disc', 'sprinkle poppy seeds on one side press gently', 'heat oil in flat pan for shallow frying', 'oil should be medium heat not smoking', 'place anarsa poppy seed side up in oil', 'fry on very low heat for 10 to 12 minutes', 'anarsa should cook slowly to become crispy throughout', 'flip carefully and fry other side until golden', 'both sides should be evenly golden and crisp', 'remove drain on paper towels', 'let cool completely store in airtight container', 'anarsa stays fresh for several weeks']"

besan laddu,nepali,dessert,"['gram flour', 'ghee', 'sugar', 'cardamom powder', 'chopped nuts', 'almond', 'pistachio']","['heat ghee in heavy bottom pan on low heat', 'add gram flour and start stirring continuously', 'roast gram flour in ghee on low heat for 15 to 20 minutes', 'keep stirring constantly to prevent burning', 'gram flour will slowly change color to deep golden brown', 'it will release nutty roasted aroma when ready', 'roasting is key patience is required do not rush', 'once roasted remove pan from heat', 'let mixture cool to lukewarm temperature', 'add powdered sugar and cardamom powder', 'add finely chopped almonds and pistachios', 'mix everything thoroughly with hands', 'mixture should hold shape when pressed', 'take small portions and roll into round balls between palms', 'if mixture is too dry to bind add little melted ghee', 'roll each laddu until smooth and round', 'let laddus cool completely and set', 'store in airtight container', 'stays fresh for 2 to 3 weeks']"
fini roti,nepali,dessert,"['all-purpose flour', 'ghee', 'sugar', 'cardamom powder', 'vegetable oil', 'water', 'salt']","['mix flour and pinch of salt in bowl', 'add melted ghee and rub into flour until crumbly', 'gradually add warm water knead into soft smooth dough', 'dough should be pliable and not sticky', 'cover with damp cloth rest for 30 minutes', 'divide dough into equal portions', 'roll each portion as thin as possible on greased surface', 'apply thin layer of melted ghee over rolled sheet', 'fold sheet into pleats like folding a fan', 'stretch folded strip gently', 'coil the strip into round spiral shape', 'tuck end under to secure', 'gently flatten the coiled dough slightly', 'heat oil in flat pan for shallow frying', 'oil should be medium hot', 'fry each roti on low heat until golden and crispy', 'this takes 8 to 10 minutes per side', 'fini roti should cook through and become flaky', 'remove and drain on paper towels', 'sprinkle powdered sugar and cardamom on top while hot', 'sugar will stick to the hot roti', 'let cool completely', 'store in airtight container']"
malpua,nepali,dessert,"['all-purpose flour', 'whole milk', 'sugar', 'fennel seeds', 'cardamom powder', 'ripe banana', 'ghee', 'vegetable oil', 'water', 'chopped nuts']","['mash ripe banana until smooth and creamy', 'in bowl mix all purpose flour and mashed banana', 'add crushed fennel seeds and cardamom powder', 'gradually add milk whisking to make smooth batter', 'batter should be thick pouring consistency like pancake batter', 'add little water if needed to adjust consistency', 'cover and let batter rest for 1 hour', 'for sugar syrup dissolve sugar in equal amount of water', 'boil until one string consistency add cardamom powder', 'keep syrup warm', 'heat ghee or oil in flat pan for shallow frying', 'pour ladle of batter into hot oil spread slightly', 'fry on medium heat until bottom is golden brown', 'flip and fry other side until golden', 'malpua should be crispy at edges and soft in center', 'remove from oil dip immediately in warm sugar syrup', 'let soak for 30 seconds each side', 'remove from syrup and place on serving plate', 'garnish with chopped nuts', 'serve warm']"
thekuwa,nepali,snack,"['all-purpose flour', 'wheat flour', 'jaggery', 'ghee', 'fennel seeds', 'cardamom powder', 'coconut', 'vegetable oil', 'water', 'salt']","['grate jaggery and dissolve in warm water strain to remove impurities', 'in bowl mix all purpose flour and wheat flour', 'add melted ghee and rub into flour', 'add crushed fennel seeds cardamom powder and grated coconut', 'add pinch of salt', 'gradually add jaggery water and knead into stiff dough', 'dough should be firm and not sticky', 'cover and rest for 30 minutes', 'divide dough into portions', 'roll each portion to quarter inch thickness', 'use thekuwa mold or cookie cutter to cut into shapes', 'traditional thekuwa has decorative patterns pressed into surface', 'heat oil in deep pan for frying', 'oil should be medium hot', 'carefully slide shaped dough into oil', 'fry on low to medium heat for 8 to 10 minutes', 'thekuwa should cook slowly to become crisp throughout', 'turn occasionally for even browning', 'fry until deep golden brown and firm', 'remove and drain on paper towels', 'let cool completely', 'store in airtight container stays fresh for 2 to 3 weeks']"

til ko laddu,nepali,dessert,"['sesame seeds', 'jaggery', 'ghee', 'cardamom powder', 'chopped nuts', 'water']","['dry roast sesame seeds in pan on low heat stirring constantly', 'roast until sesame seeds turn light golden and release nutty aroma', 'be careful not to burn sesame becomes bitter if over roasted', 'remove roasted sesame and set aside to cool', 'grate jaggery or break into small pieces', 'in heavy bottom pan add jaggery and splash of water', 'heat on low stirring until jaggery melts completely', 'cook jaggery syrup until it reaches hard ball consistency', 'to test drop small amount in cold water it should form hard ball', 'remove syrup from heat immediately', 'add roasted sesame seeds to jaggery syrup', 'add cardamom powder and finely chopped nuts', 'mix quickly and thoroughly before syrup hardens', 'grease palms with ghee', 'while mixture is still hot take small portions', 'roll between palms to form round balls', 'work quickly as mixture hardens fast', 'if mixture cools too much reheat gently', 'til laddu should be firm and round', 'let cool completely on plate', 'store in airtight container', 'traditionally eaten on maghe sankranti for warmth and energy']"
ghee chaku with yam,nepali,main dish,"['yam', 'chaku', 'ghee', 'water', 'salt']","['choose fresh yam wash thoroughly to remove dirt', 'boil yam whole with skin in salted water until tender', 'check by piercing with knife it should slide through easily', 'drain and let yam cool enough to handle', 'peel yam and cut into thick round slices', 'heat ghee in pan on low heat', 'place yam slices in ghee and shallow fry', 'fry on low heat until both sides are lightly golden', 'yam should be warm and coated with ghee', 'in separate small pan gently warm chaku', 'chaku is hardened molasses traditional nepali sweet', 'add little water to chaku and warm until it softens', 'chaku should become spreadable soft paste', 'arrange warm ghee fried yam slices on plate', 'drizzle generous amount of warm chaku over yam', 'add extra dollop of fresh ghee on top', 'serve immediately while warm', 'this dish is traditionally eaten on maghe sankranti morning', 'the combination of yam chaku and ghee provides warmth in cold winter']"
tarul,nepali,side dish,"['sweet potato', 'yam', 'water', 'salt', 'ghee']","['choose assorted tarul sweet potato purple yam white yam', 'wash thoroughly to remove all dirt and soil', 'do not peel before boiling skin protects flavor', 'place whole tarul in large pot', 'cover with water add salt', 'bring to boil and cook until tender', 'cooking time varies sweet potato cooks faster than yam', 'check each variety by piercing with knife', 'drain water and let tarul cool slightly', 'once cool enough to handle peel off skin', 'cut into thick rounds or chunks', 'arrange on serving plate', 'drizzle with melted ghee if desired', 'tarul can also be roasted over open fire for smoky flavor', 'traditional method roasts tarul in firewood embers', 'peel charred skin and eat warm', 'serve as side dish especially on maghe sankranti', 'simple dish that highlights natural sweetness of tubers']"
puwa,nepali,dessert,"['all-purpose flour', 'wheat flour', 'sugar', 'milk', 'banana', 'fennel seeds', 'cardamom powder', 'ghee', 'vegetable oil', 'water']","['mash ripe banana until smooth and creamy', 'in bowl mix all purpose flour and wheat flour', 'add sugar crushed fennel seeds and cardamom powder', 'add mashed banana and mix well', 'gradually add warm milk to make thick batter', 'batter should be thicker than pancake batter but still pourable', 'cover and let batter rest for 1 to 2 hours', 'resting allows flavors to develop', 'heat ghee or oil in pan for shallow frying', 'pour small ladle of batter into hot ghee', 'spread slightly into small thick pancake', 'cook on low heat until bottom is golden brown', 'puwa should cook slowly to ensure inside is done', 'flip carefully and cook other side', 'both sides should be evenly golden', 'puwa should be crispy outside and soft inside', 'remove and drain on paper towels', 'sprinkle extra sugar on top while hot if desired', 'serve warm', 'traditional festive sweet enjoyed during various festivals']"

momo,nepali,appetizer,"['all-purpose flour', 'water', 'ground chicken', 'ground buff', 'cabbage', 'onion', 'garlic', 'ginger', 'green onion', 'fresh coriander', 'soy sauce', 'sesame oil', 'salt', 'black pepper', 'cumin powder', 'garam masala', 'turmeric powder']","['for dough mix flour and water knead into smooth elastic dough cover and rest for 30 minutes', 'for filling choose chicken buff or mix of finely chopped vegetables for veg option', 'finely chop or grate cabbage onion garlic and ginger', 'mix ground meat with chopped vegetables', 'add soy sauce sesame oil salt black pepper cumin powder and garam masala', 'for veg filling use finely chopped cabbage carrot onion and paneer or tofu', 'mix filling thoroughly in one direction for even texture', 'divide dough into small balls about marble size', 'roll each ball into thin circle about 3 inches diameter', 'edges should be slightly thinner than center', 'place tablespoon of filling in center of each wrapper', 'fold edges and pleat to seal momo in half moon or round shape', 'traditional pleating creates 6 to 8 folds on one side', 'ensure momo is completely sealed to prevent leaking', 'grease steamer basket with oil', 'arrange momos without touching each other', 'steam over boiling water for 12 to 15 minutes', 'momo wrapper will turn glossy and slightly translucent when done', 'do not overcook or wrapper becomes soggy', 'serve hot immediately with tomato achar or sesame chutney']"
fried momo,nepali,appetizer,"['all-purpose flour', 'water', 'ground chicken', 'ground buff', 'cabbage', 'onion', 'garlic', 'ginger', 'green onion', 'fresh coriander', 'soy sauce', 'sesame oil', 'salt', 'black pepper', 'cumin powder', 'vegetable oil']","['prepare momo dough and filling following the same method as steamed momo', 'knead smooth dough rest for 30 minutes', 'mix filling with choice of meat or vegetables', 'roll wrappers and fill momos sealing edges tightly', 'place filled momos on greased plate cover with damp cloth', 'steam momos first for 8 to 10 minutes until partially cooked', 'remove from steamer let cool for 5 minutes', 'momos should be at room temperature before frying', 'heat oil in deep pan or wok for deep frying', 'oil should be medium hot around 350 degrees', 'carefully slide steamed momos into hot oil', 'fry in batches do not overcrowd', 'fry for 3 to 4 minutes turning occasionally', 'momos should become golden brown and crispy on all sides', 'the outer wrapper should be crunchy while inside remains juicy', 'remove and drain on paper towels', 'serve immediately while hot and crispy', 'best enjoyed with spicy tomato achar or schezwan chutney']"
c momo,nepali,appetizer,"['all-purpose flour', 'water', 'ground buff', 'ground chicken', 'cabbage', 'onion', 'garlic', 'ginger', 'green onion', 'soy sauce', 'sesame oil', 'salt', 'cumin powder', 'tomato', 'green chili', 'garlic paste', 'corn flour', 'mustard oil', 'fresh coriander', 'vegetable oil']","['prepare and steam momos as per classic momo recipe', 'for c momo sauce heat mustard oil in pan', 'add finely chopped garlic and slit green chilies', 'sauté for 1 minute until fragrant', 'add finely chopped tomatoes cook until soft', 'add turmeric cumin powder and salt', 'cook masala until oil separates', 'add soy sauce and water bring to simmer', 'mix corn flour with cold water to make slurry', 'add slurry to sauce stirring continuously', 'cook until sauce thickens to gravy consistency', 'sauce should be spicy tangy and slightly thick', 'place steamed momos in serving bowl', 'pour hot c momo sauce generously over momos', 'ensure all momos are coated with sauce', 'garnish with fresh chopped coriander and spring onion', 'serve immediately while sauce is hot', 'eat with spoon momos should be drenched in sauce']"
kothey momo,nepali,appetizer,"['all-purpose flour', 'water', 'ground chicken', 'ground buff', 'cabbage', 'onion', 'garlic', 'ginger', 'green onion', 'soy sauce', 'sesame oil', 'salt', 'black pepper', 'cumin powder', 'vegetable oil', 'water']","['prepare momo dough and filling same as steamed momo', 'knead smooth dough rest for 30 minutes', 'mix filling with choice of meat or vegetables', 'roll wrappers slightly thicker than steamed momo', 'fill and shape momos ensuring tight seal', 'heat flat non stick pan or tawa on medium heat', 'add thin layer of oil to pan', 'place momos in pan flat side down in single layer', 'do not overcrowd leave space between momos', 'cook on medium heat for 3 to 4 minutes', 'bottom should become golden brown and crispy', 'once bottoms are golden pour quarter cup of water into pan', 'water should come up to about quarter height of momos', 'immediately cover with tight fitting lid', 'reduce heat to low and let steam for 8 to 10 minutes', 'do not remove lid during steaming', 'water will evaporate completely', 'remove lid and let bottoms crisp up again for 1 minute', 'kothey momo should have crispy golden bottom and soft steamed top', 'gently remove with spatula', 'serve crispy side up with tomato achar and soy sauce']"
sekuwa,nepali,appetizer,"['boneless chicken', 'boneless buff', 'garlic', 'ginger', 'green chili', 'onion', 'mustard oil', 'lemon juice', 'turmeric powder', 'cumin powder', 'red chili powder', 'garam masala', 'salt', 'fresh coriander', 'timur pepper', 'bamboo skewers']","['cut meat into bite sized cubes about 1 inch pieces', 'prepare marinade by grinding garlic ginger and green chili into paste', 'in bowl mix garlic ginger paste with mustard oil', 'add turmeric cumin powder red chili powder garam masala and salt', 'add crushed timur pepper and lemon juice', 'mix well to form thick marinade paste', 'add meat cubes to marinade and mix thoroughly', 'ensure each piece is well coated', 'cover and refrigerate for minimum 3 hours or overnight', 'longer marination gives better flavor', 'soak bamboo skewers in water for 30 minutes to prevent burning', 'thread marinated meat onto skewers leaving small gap between pieces', 'heat charcoal grill or barbeque to medium high heat', 'place skewers on grill', 'cook for 8 to 10 minutes turning every 2 minutes', 'baste with remaining marinade while grilling', 'meat should be charred at edges but juicy inside', 'sekuwa is done when meat is cooked through with smoky aroma', 'remove from skewers and place on plate', 'garnish with sliced onion fresh coriander and lemon wedges', 'sprinkle extra timur pepper on top', 'serve hot with chiura or as appetizer']"
sukuti sadeko,nepali,snack,"['sukuti', 'onion', 'tomato', 'green chili', 'garlic', 'ginger', 'lemon juice', 'mustard oil', 'salt', 'red chili powder', 'turmeric powder', 'fresh coriander', 'roasted soybean powder', 'timur pepper']","['cut sukuti into bite sized pieces', 'heat mustard oil in pan until smoking', 'shallow fry sukuti pieces in hot oil for 2 to 3 minutes', 'sukuti should become crispy but not burnt', 'remove and let cool to room temperature', 'finely chop onion tomato green chili garlic and ginger', 'in mixing bowl combine fried sukuti with all chopped ingredients', 'add salt red chili powder turmeric powder and crushed timur pepper', 'add roasted soybean powder this adds nutty flavor and texture', 'pour raw mustard oil and lemon juice', 'mix everything thoroughly by hand', 'massage ingredients together for even coating', 'let sadeko rest for 15 to 20 minutes', 'flavors will meld and sukuti will soften slightly', 'garnish with fresh chopped coriander', 'serve at room temperature with chiura or as spicy snack', 'can be stored in refrigerator for 2 to 3 days']"

bhatmas sadeko,nepali,snack,"['dry soybeans', 'onion', 'tomato', 'green chili', 'garlic', 'ginger', 'lemon juice', 'mustard oil', 'salt', 'red chili powder', 'turmeric powder', 'fresh coriander', 'timur pepper', 'fenugreek seeds']","['dry roast soybeans in pan on medium heat stirring constantly', 'roast until soybeans are golden brown with dark spots', 'soybeans should be crunchy and release nutty aroma', 'remove from heat and let cool completely', 'roasted soybeans should be crispy enough to bite', 'finely chop onion tomato green chili garlic and ginger', 'in mixing bowl combine roasted soybeans with all chopped ingredients', 'heat small amount of mustard oil with fenugreek seeds until dark', 'let oil cool slightly then pour over soybean mixture', 'add salt red chili powder and turmeric powder', 'add crushed timur pepper', 'add lemon juice', 'mix everything thoroughly', 'let bhatmas sadeko rest for 15 minutes', 'soybeans will absorb flavors and soften slightly while remaining crunchy', 'garnish with fresh chopped coriander', 'serve as snack with drinks or as side with chiura']"
wai wai sadeko,nepali,snack,"['wai wai noodles', 'onion', 'tomato', 'green chili', 'garlic', 'ginger', 'lemon juice', 'mustard oil', 'salt', 'red chili powder', 'chat masala', 'fresh coriander', 'roasted peanuts', 'green pea', 'cucumber']","['crush wai wai noodles inside the packet into small pieces', 'do not use the seasoning packet', 'finely chop onion tomato cucumber green chili garlic and ginger', 'boil green peas for 2 minutes drain and cool', 'coarsely crush roasted peanuts', 'in large mixing bowl add crushed noodles', 'add all chopped vegetables and green peas', 'add crushed peanuts for crunch', 'sprinkle salt red chili powder and chat masala', 'pour generous amount of raw mustard oil', 'add fresh lemon juice', 'mix everything thoroughly using hands or spoon', 'ensure noodles are well coated with oil and spices', 'noodles will absorb moisture from vegetables and lemon juice', 'wai wai sadeko should be eaten immediately while noodles are still crunchy', 'do not let it sit too long or noodles become soggy', 'garnish with fresh chopped coriander', 'serve immediately as spicy tangy snack']"
piro aloo,nepali,snack,"['baby potato', 'mustard oil', 'green chili', 'garlic', 'ginger', 'salt', 'red chili powder', 'turmeric powder', 'cumin powder', 'lemon juice', 'fresh coriander', 'timur pepper', 'chat masala', 'water']","['boil baby potatoes with skin until just tender', 'do not overcook potatoes should hold shape', 'drain and let cool slightly', 'peel potatoes and prick each with fork or toothpick', 'this helps potatoes absorb spices', 'heat mustard oil in pan until smoking', 'add boiled potatoes and shallow fry', 'fry on medium heat turning until golden brown on all sides', 'potatoes should develop crispy outer skin', 'remove potatoes from oil set aside', 'in bowl mix finely minced garlic grated ginger and chopped green chili', 'add salt red chili powder turmeric powder cumin powder and chat masala', 'add crushed timur pepper', 'add lemon juice and little mustard oil to make paste', 'add fried potatoes to spice mixture', 'toss gently to coat each potato evenly', 'potatoes should be well covered with spicy masala', 'garnish with fresh chopped coriander', 'serve hot or at room temperature', 'piro aloo should be spicy tangy and addictive']"
peanut sadeko,nepali,snack,"['roasted peanuts', 'onion', 'tomato', 'green chili', 'garlic', 'ginger', 'lemon juice', 'mustard oil', 'salt', 'red chili powder', 'chat masala', 'fresh coriander', 'cucumber', 'timur pepper']","['use roasted unsalted peanuts with skin or without skin', 'finely chop onion tomato cucumber green chili garlic and ginger', 'in mixing bowl add roasted peanuts', 'add all chopped vegetables', 'sprinkle salt red chili powder and chat masala', 'add crushed timur pepper for numbing heat', 'pour raw mustard oil generously', 'peanuts should glisten with oil', 'add fresh lemon juice', 'mix everything thoroughly', 'toss until peanuts are evenly coated with spices', 'let peanut sadeko rest for 10 minutes', 'peanuts will absorb flavors while remaining crunchy', 'garnish with fresh chopped coriander', 'serve as snack with drinks or as side dish', 'best enjoyed immediately while peanuts are still crisp']"
corn chaat,nepali,snack,"['sweet corn', 'onion', 'tomato', 'cucumber', 'green chili', 'lemon juice', 'mustard oil', 'salt', 'red chili powder', 'chat masala', 'fresh coriander', 'roasted peanuts', 'pomegranate seeds']","['boil sweet corn until tender about 5 to 7 minutes', 'drain and let cool', 'if using corn on cob cut kernels off the cob', 'finely chop onion tomato cucumber and green chili', 'coarsely crush roasted peanuts', 'in mixing bowl add boiled corn kernels', 'add all chopped vegetables', 'add crushed peanuts and pomegranate seeds if available', 'sprinkle salt red chili powder and chat masala', 'pour mustard oil and lemon juice', 'mix everything thoroughly but gently', 'corn kernels should be well coated', 'garnish with fresh chopped coriander', 'serve immediately or refrigerate for 30 minutes', 'corn chaat tastes great slightly chilled', 'popular street snack enjoyed year round']"
chatpate,nepali,snack,"['puffed rice', 'chiura', 'onion', 'tomato', 'cucumber', 'boiled potato', 'green pea', 'green chili', 'garlic', 'ginger', 'lemon juice', 'mustard oil', 'salt', 'red chili powder', 'chat masala', 'cumin powder', 'fresh coriander', 'roasted peanuts', 'seviyan', 'carrot']","['in large mixing bowl add puffed rice and crushed seviyan', 'chiura can be added for extra crunch roast lightly if desired', 'finely chop onion tomato cucumber and carrot', 'boil potato peel and dice into small cubes', 'boil green peas for 2 minutes drain and cool', 'coarsely crush roasted peanuts', 'finely chop green chili garlic and ginger', 'add all chopped vegetables and potato to puffed rice mixture', 'add green peas and crushed peanuts', 'sprinkle salt red chili powder chat masala and cumin powder', 'pour generous amount of raw mustard oil', 'the oil is key to authentic chatpate flavor', 'add fresh lemon juice', 'mix everything thoroughly using both hands', 'toss well ensuring every ingredient is evenly distributed', 'chatpate should be spicy tangy crunchy and addictive', 'serve immediately while puffed rice is still crispy', 'do not prepare in advance or it becomes soggy', 'garnish with fresh coriander', 'serve in paper cones street style']"

laphing,nepali,snack,"['mung bean flour', 'corn flour', 'water', 'salt', 'garlic', 'ginger', 'green chili', 'soy sauce', 'vinegar', 'sesame oil', 'red chili powder', 'sichuan pepper', 'fresh coriander', 'spring onion', 'mustard oil', 'white sesame seeds']","['mix mung bean flour and corn flour with water whisk until smooth', 'add pinch of salt', 'pour mixture into flat greased tray about quarter inch thick', 'steam for 8 to 10 minutes until set and translucent', 'let steamed sheet cool completely', 'carefully peel from tray and cut into wide strips', 'roll strips loosely or layer in serving bowl', 'for spicy sauce heat mustard oil until smoking', 'pour hot oil over red chili powder in heatproof bowl', 'add minced garlic grated ginger and crushed sichuan pepper', 'add soy sauce vinegar and sesame oil', 'mix sauce well', 'for cold laphing pour sauce over noodles', 'add chopped spring onion and fresh coriander', 'sprinkle white sesame seeds', 'serve immediately or refrigerate for cold version', 'laphing should be slippery chewy spicy and numbing', 'mix well before eating to coat noodles with sauce']"
aloo chop,nepali,snack,"['potato', 'onion', 'garlic', 'ginger', 'green chili', 'turmeric powder', 'cumin powder', 'red chili powder', 'garam masala', 'salt', 'fresh coriander', 'gram flour', 'rice flour', 'water', 'vegetable oil', 'baking soda', 'lemon juice']","['boil potatoes until tender peel and mash thoroughly', 'heat little oil in pan add finely chopped onion', 'sauté onion until soft and translucent', 'add minced garlic grated ginger and chopped green chili', 'cook for 1 minute until fragrant', 'add turmeric cumin powder red chili powder and salt', 'add mashed potatoes and mix well', 'cook mixture for 3 to 4 minutes stirring continuously', 'add garam masala and lemon juice', 'add fresh chopped coriander mix well', 'remove from heat let mixture cool completely', 'divide mixture into equal portions', 'shape each portion into round or oval patties', 'for batter mix gram flour rice flour salt and pinch of baking soda', 'add water gradually whisking to make smooth thick batter', 'batter should coat back of spoon without dripping too fast', 'heat oil in deep pan for deep frying', 'dip each potato patty in batter to coat completely', 'carefully slide into hot oil', 'fry on medium heat until golden brown and crispy', 'aloo chop should have crispy outer layer and soft spiced potato inside', 'remove and drain on paper towels', 'serve hot with tomato ketchup or chutney', 'popular tea time snack across nepal']"
pakoda,nepali,appetizer,"['gram flour', 'onion', 'potato', 'spinach leaves', 'green chili', 'turmeric powder', 'cumin powder', 'red chili powder', 'salt', 'water', 'vegetable oil', 'fresh coriander', 'baking soda']","['slice onion into thin rings and separate layers', 'slice potato into thin rounds about quarter inch thick', 'wash spinach leaves and keep whole', 'in bowl mix gram flour with turmeric cumin powder red chili powder and salt', 'add pinch of baking soda for crispiness', 'gradually add water whisking to make smooth thick batter', 'batter should be thick enough to coat vegetables', 'add finely chopped green chili and fresh coriander to batter', 'heat oil in deep pan for deep frying', 'dip onion rings potato slices or spinach leaves in batter', 'coat each piece thoroughly', 'carefully drop coated vegetables into hot oil', 'do not overcrowd the pan', 'fry on medium heat until golden brown on all sides', 'pakoda should be crispy outside and soft inside', 'turn occasionally for even cooking', 'remove and drain on paper towels', 'sprinkle chat masala on hot pakodas if desired', 'serve hot with mint chutney or tomato ketchup', 'best enjoyed with hot tea on rainy days']"
samosa nepali style,nepali,snack,"['all-purpose flour', 'potato', 'green pea', 'onion', 'garlic', 'ginger', 'green chili', 'turmeric powder', 'cumin powder', 'coriander powder', 'red chili powder', 'garam masala', 'salt', 'mustard oil', 'vegetable oil', 'fresh coriander', 'water']","['for dough mix flour salt and little oil', 'gradually add water knead into stiff smooth dough', 'cover with damp cloth rest for 30 minutes', 'boil potatoes until tender peel and dice into small cubes', 'heat mustard oil add cumin seeds let splutter', 'add finely chopped onion and sauté until golden', 'add minced garlic grated ginger and chopped green chili', 'cook for 1 minute', 'add turmeric cumin powder coriander powder and red chili powder', 'stir quickly', 'add diced potatoes and green peas', 'add salt and garam masala mix well', 'cook for 5 minutes until spices are well incorporated', 'add fresh coriander remove from heat let cool completely', 'divide dough into equal balls', 'roll each ball into oval shape about 6 inches', 'cut oval in half to create two semicircles', 'take one semicircle fold into cone shape sealing edge with water', 'fill cone with potato mixture', 'seal top edge by pinching tightly', 'ensure samosa is completely sealed', 'repeat for all samosas', 'heat oil in deep pan for deep frying', 'fry samosas on low to medium heat for 10 to 12 minutes', 'they should become golden brown and crispy slowly', 'do not fry on high heat or outer layer cooks before inside', 'remove and drain on paper towels', 'serve hot with mint chutney or tomato ketchup']"
jeri,nepali,dessert,"['all-purpose flour', 'gram flour', 'yogurt', 'sugar', 'water', 'cardamom powder', 'saffron strands', 'vegetable oil', 'lemon juice']","['mix all purpose flour and gram flour in bowl', 'add yogurt and little water', 'whisk into smooth thick batter without lumps', 'batter should be thick flowing consistency like dosa batter', 'cover and let batter ferment for 6 to 8 hours or overnight', 'batter will rise slightly and develop tang', 'for sugar syrup mix sugar and equal amount of water', 'boil until one string consistency', 'add cardamom powder saffron strands and few drops lemon juice', 'lemon juice prevents crystallization', 'keep syrup warm', 'pour fermented batter into piping bag or squeeze bottle with small nozzle', 'heat oil in flat pan for shallow frying', 'oil should be medium hot', 'pipe batter in spiral concentric circles into hot oil', 'start from outer circle and spiral inward', 'fry on medium heat until golden and crispy', 'flip carefully and fry other side', 'both sides should be evenly golden', 'remove from oil and immediately dip in warm sugar syrup', 'let soak for 30 seconds to 1 minute', 'remove from syrup and drain excess', 'jeri should be crispy outside and syrup soaked inside', 'serve warm or at room temperature', 'popular street sweet across nepal']"

katti roll,nepali,snack,"['all-purpose flour', 'whole wheat flour', 'boneless chicken', 'onion', 'capsicum', 'garlic', 'ginger', 'green chili', 'soy sauce', 'vinegar', 'turmeric powder', 'cumin powder', 'red chili powder', 'garam masala', 'salt', 'mustard oil', 'fresh coriander', 'egg', 'tomato ketchup', 'green chutney', 'vegetable oil', 'water']","['for paratha mix all purpose flour and wheat flour with salt', 'add oil and water knead into soft dough cover rest for 20 minutes', 'cut chicken into thin strips', 'heat mustard oil add cumin seeds let splutter', 'add sliced onion and capsicum sauté on high heat for 2 minutes', 'add minced garlic grated ginger and slit green chili', 'add chicken strips stir fry on high heat', 'add turmeric cumin powder red chili powder and salt', 'add soy sauce and vinegar cook until chicken is done', 'sprinkle garam masala mixture should be dry', 'add fresh coriander remove from heat set aside', 'divide dough into balls roll into thin rotis', 'cook roti on tawa both sides with little oil', 'beat egg pour on tawa spread cook roti on top', 'egg will stick to roti', 'flip egg side up', 'place chicken filling in center of roti', 'drizzle tomato ketchup and green chutney', 'sprinkle fresh onion and coriander', 'roll roti tightly wrap bottom with foil or paper', 'serve immediately while hot', 'popular kathmandu street food']"
pani puri,nepali,snack,"['sooji', 'all-purpose flour', 'baking soda', 'water', 'potato', 'chickpea', 'onion', 'green chili', 'fresh coriander', 'mint leaves', 'tamarind pulp', 'jaggery', 'cumin powder', 'chat masala', 'black salt', 'salt', 'lemon juice', 'vegetable oil', 'mint water']","['for puri mix sooji all purpose flour and pinch of baking soda', 'add warm water knead into stiff dough', 'cover with damp cloth rest for 30 minutes', 'divide dough into small balls', 'roll each into very thin small circles about 2 inches', 'heat oil for deep frying', 'slide puris into hot oil press gently they should puff up', 'fry until golden and crispy on both sides', 'remove drain on paper towels', 'for filling boil potatoes peel and mash', 'soak and boil chickpeas until tender', 'mix potato and chickpeas add chopped onion green chili', 'add cumin powder chat masala and salt', 'add fresh coriander mix well', 'for pani soak tamarind in warm water extract pulp', 'add jaggery cumin powder black salt chat masala and salt', 'add finely ground mint leaves and green chili paste', 'add cold water and lemon juice mix well', 'pani should be tangy spicy and slightly sweet', 'to serve crack hole in top of puri', 'fill with potato chickpea mixture', 'dip filled puri into pani or pour pani inside', 'eat whole puri in one bite', 'serve immediately puri must stay crispy']"
fried rice,nepali,snack,"['cooked rice', 'onion', 'garlic', 'ginger', 'green chili', 'carrot', 'green bean', 'green pea', 'capsicum', 'soy sauce', 'vinegar', 'turmeric powder', 'cumin powder', 'salt', 'mustard oil', 'fresh coriander', 'spring onion', 'egg', 'lemon juice', 'black pepper']","['use day old cooked rice best results with cold rice', 'break any clumps and keep rice grains separate', 'finely chop onion garlic and ginger', 'dice carrot green beans and capsicum into small pieces', 'boil green peas for 2 minutes drain', 'beat eggs with pinch of salt', 'heat mustard oil in wok or large pan until smoking', 'pour beaten egg scramble quickly and remove set aside', 'in same wok add more oil if needed', 'add chopped onion garlic and ginger stir fry on high heat', 'add slit green chilies', 'add all diced vegetables stir fry for 2 minutes', 'vegetables should remain crunchy', 'add turmeric and cumin powder stir quickly', 'add cold rice break any remaining clumps', 'stir fry on high heat tossing continuously', 'add soy sauce vinegar salt and black pepper', 'toss rice until every grain is coated and heated through', 'add scrambled egg and mix well', 'fried rice should have smoky wok flavor slightly charred bits', 'remove from heat add lemon juice', 'garnish with fresh coriander and chopped spring onion', 'serve hot with tomato ketchup or achar', 'popular street stall and home cooked comfort food']"

masala chiya,nepali,beverage,"['black tea leaves', 'whole milk', 'water', 'sugar', 'cardamom', 'cloves', 'cinnamon stick', 'ginger', 'black peppercorn', 'bay leaf']","['crush cardamom cloves cinnamon and black peppercorn lightly in mortar', 'slice ginger into thin coins', 'pour water into saucepan add crushed spices and ginger', 'bring to boil on high heat', 'once boiling add black tea leaves', 'boil on medium heat for 2 to 3 minutes', 'tea should release color and aroma', 'add whole milk and sugar to taste', 'bring to boil again watch carefully tea froths up quickly', 'reduce heat and simmer for 3 to 4 minutes', 'longer simmer gives stronger spiced flavor', 'tea should be deep brown color with creamy top', 'strain through fine sieve into cups', 'pour from height to create frothy top', 'serve piping hot', 'classic nepali masala chiya enjoyed any time of day', 'perfect accompaniment to samosa or pakoda']"
milk tea,nepali,beverage,"['black tea leaves', 'whole milk', 'water', 'sugar']","['pour water into saucepan and bring to boil', 'add black tea leaves to boiling water', 'boil on medium heat for 2 minutes until tea releases full color', 'water should become deep dark brown', 'add whole milk ratio should be roughly equal parts water and milk', 'add sugar to taste', 'bring mixture to boil again', 'tea will froth and rise watch carefully to prevent spilling', 'reduce heat and simmer for 3 to 4 minutes', 'longer simmer makes stronger more flavorful chiya', 'color should be rich caramel brown', 'strain through fine tea strainer into cups', 'pour from height to create frothy foam on top', 'nepali chiya is distinct from indian chai it is boiled longer', 'the boiling process is essential for authentic taste', 'serve steaming hot', 'best enjoyed with biscuits or light snacks', 'quintessential nepali household beverage']"
lassi,nepali,beverage,"['yogurt', 'water', 'sugar', 'cardamom powder', 'ice cubes', 'chopped pistachio', 'salt']","['for sweet lassi blend yogurt with cold water until smooth', 'ratio of yogurt to water is roughly two parts yogurt to one part water', 'add sugar to taste', 'add cardamom powder', 'add few ice cubes', 'blend until frothy and smooth', 'lassi should be thick but drinkable', 'taste and adjust sweetness', 'pour into tall glasses', 'garnish with chopped pistachios on top', 'serve immediately while cold', 'for salted lassi omit sugar', 'add pinch of salt and roasted cumin powder instead', 'blend with yogurt water and ice until frothy', 'salted lassi is savory refreshing drink', 'both versions popular during hot summer days', 'lassi is often served alongside heavy meals']"
chhang,nepali,beverage,"['rice', 'yeast', 'water', 'sugar']","['wash rice thoroughly and cook until soft but not mushy', 'spread cooked rice on clean surface to cool to room temperature', 'rice should be completely cool before adding yeast', 'crush yeast into fine powder', 'sprinkle yeast powder evenly over cooled rice', 'mix rice and yeast thoroughly with clean hands', 'transfer mixture into clean airtight container or earthen pot', 'cover and seal container tightly', 'place in warm dark place for 3 to 5 days', 'fermentation time depends on temperature warmer weather faster', 'rice will ferment and liquid will collect at bottom', 'after fermentation strain liquid through fine cloth', 'this liquid is chhang milky white and slightly thick', 'press rice to extract maximum liquid', 'chhang can be consumed fresh immediately', 'slightly sweet tangy and mildly alcoholic', 'traditionally served in bamboo container or small bowl', 'chhang is important in newari culture and festivals', 'can be stored refrigerated for few days', 'note alcoholic beverage consume responsibly']"

tongba,nepali,beverage,"['finger millet', 'yeast', 'hot water', 'water']","['clean finger millet grains thoroughly removing any debris', 'boil millet in water until cooked and soft', 'drain excess water and spread cooked millet on clean surface', 'let millet cool completely to room temperature', 'crush yeast into fine powder', 'sprinkle yeast evenly over cooled millet', 'mix millet and yeast thoroughly with clean hands', 'transfer mixture into airtight container or bamboo basket lined with leaves', 'cover and seal keep in warm place for 5 to 7 days', 'millet will ferment developing distinct aroma', 'after fermentation transfer fermented millet into airtight container', 'can be stored for several months', 'to serve fill wooden tongba mug with fermented millet', 'millet should fill about two thirds of mug', 'pour boiling hot water over millet until mug is full', 'let steep for 5 minutes', 'insert bamboo straw with fine mesh at bottom', 'sip the hot infused liquid through straw', 'do not stir the millet while drinking', 'when liquid is finished add more hot water', 'same millet can be refilled 3 to 4 times', 'each refill gives milder flavor', 'tongba is traditional limbu community drink', 'popular in eastern hills especially during cold weather', 'note alcoholic beverage consume responsibly']"
raksi,nepali,beverage,"['rice', 'yeast', 'water']","['wash rice thoroughly and cook until soft', 'spread cooked rice on clean surface to cool completely', 'crush yeast into fine powder', 'mix yeast thoroughly with cooled rice', 'transfer mixture into airtight container', 'cover and seal tightly', 'place in warm dark place for 4 to 6 days', 'rice will ferment into mash known as mana', 'check fermentation mash should smell alcoholic and sweet sour', 'transfer fermented mash to distillation pot', 'traditional distillation uses copper pot with sealed lid', 'heat mash slowly on low fire', 'alcohol evaporates and condenses through bamboo tube', 'collect distilled liquid that drips out', 'first portion is strongest gradually becomes milder', 'raksi is clear strong spirit', 'traditionally served in small metal or ceramic cups', 'often consumed during festivals ceremonies and cold weather', 'integral part of many nepali cultural and social occasions', 'homemade raksi varies in strength and flavor', 'note this is high proof distilled alcohol consume extremely responsibly', 'commercial production requires proper licensing']"
butter tea,nepali,beverage,"['black tea leaves', 'water', 'butter', 'salt', 'milk']","['pour water into saucepan and bring to boil', 'add black tea leaves to boiling water', 'boil on medium heat for 5 to 7 minutes', 'tea should be very strong and dark', 'strain tea into wooden churner or blender', 'add generous chunk of butter', 'traditional recipe uses yak butter', 'add pinch of salt', 'add splash of milk if desired', 'churn or blend vigorously for 2 to 3 minutes', 'tea should become frothy creamy and well emulsified', 'butter should be fully incorporated not floating on top', 'resulting tea is opaque light brown and creamy', 'pour into cups or traditional wooden bowls', 'butter tea is savory not sweet', 'has rich mouthfeel from butter', 'traditionally consumed in himalayan regions', 'staple drink of sherpa tamang and tibetan communities', 'provides warmth and energy at high altitudes', 'best served piping hot', 'refills are common and encouraged']"

shyakpa,nepali,soup,"['buff meat with bone', 'potato', 'radish', 'onion', 'garlic', 'ginger', 'tomato', 'green chili', 'turmeric powder', 'cumin powder', 'salt', 'mustard oil', 'fresh coriander', 'timur pepper', 'noodle', 'water']","['cut buff meat into chunks with bone', 'heat mustard oil in pressure cooker', 'add chopped onion garlic and ginger sauté until golden', 'add meat pieces and stir fry until browned', 'add turmeric cumin powder and salt', 'add chopped tomatoes cook until soft', 'add water and pressure cook for 4 to 5 whistles until meat is tender', 'release pressure naturally open cooker', 'add diced potato and sliced radish', 'add more water if needed for soupy consistency', 'simmer until vegetables are tender', 'add cooked noodles to the soup', 'noodles should be thick flat wheat noodles', 'add slit green chilies and crushed timur pepper', 'adjust salt and simmer for 5 more minutes', 'shyakpa should be hearty thick soup stew', 'garnish with fresh coriander', 'serve piping hot in deep bowls', 'traditional sherpa comfort food for cold mountain weather']"
rildok,nepali,soup,"['potato', 'onion', 'garlic', 'ginger', 'tomato', 'green chili', 'turmeric powder', 'cumin powder', 'salt', 'mustard oil', 'fresh coriander', 'timur pepper', 'water', 'maize flour']","['peel and dice potatoes into small cubes', 'finely chop onion garlic and ginger', 'heat mustard oil in pot add chopped onion', 'sauté onion until soft and translucent', 'add minced garlic and grated ginger cook for 1 minute', 'add chopped tomatoes and cook until soft', 'add turmeric and cumin powder stir', 'add diced potatoes and salt', 'add water to cover potatoes generously', 'bring to boil and cook until potatoes are very tender', 'potatoes should start breaking down thickening the soup', 'add maize flour gradually while stirring continuously', 'maize flour thickens the soup to smooth porridge consistency', 'keep stirring to prevent lumps', 'simmer on low heat for 10 minutes', 'add slit green chilies and crushed timur pepper', 'rildok should be thick smooth and comforting', 'garnish with fresh coriander', 'serve hot in bowls', 'traditional sherpa soup thick enough to eat with spoon']"
satu,nepali,breakfast,"['barley flour', 'roasted wheat flour', 'water', 'salt', 'butter', 'sugar', 'milk']","['dry roast barley flour in pan on low heat stirring constantly', 'roast until flour turns light golden and releases nutty aroma', 'remove from heat and let cool', 'satu can be made with roasted barley or roasted wheat or mix of both', 'for savory satu mix roasted flour with pinch of salt', 'add hot water gradually while stirring', 'mix into thick dough like consistency', 'add small piece of butter on top', 'shape into small balls or eat as is', 'for sweet satu mix roasted flour with sugar', 'add hot milk instead of water', 'stir into thick porridge consistency', 'can add more milk for thinner consistency', 'satu is eaten as quick energy breakfast', 'no cooking required just mix with hot liquid', 'traditional sherpa and himalayan travel food', 'lightweight nutritious and keeps well', 'serve warm immediately']"
kinema curry,nepali,side dish,"['kinema', 'onion', 'garlic', 'ginger', 'tomato', 'green chili', 'turmeric powder', 'cumin powder', 'coriander powder', 'red chili powder', 'mustard oil', 'salt', 'fresh coriander', 'water']","['kinema is fermented soybean product with strong aroma', 'heat mustard oil in pan until smoking', 'add finely chopped onion and sauté until golden brown', 'onion should be well cooked to balance kinema flavor', 'add minced garlic and grated ginger cook for 2 minutes', 'add chopped tomatoes cook until soft and oil separates', 'add turmeric cumin powder coriander powder and red chili powder', 'stir masala for 1 minute until fragrant', 'add kinema and stir fry on medium heat for 5 minutes', 'kinema should be well coated with masala', 'add little water to create thick gravy', 'add slit green chilies', 'cover and simmer on low heat for 10 minutes', 'kinema will absorb flavors and soften', 'adjust salt careful as kinema has its own saltiness', 'curry should be thick not watery', 'garnish with fresh coriander', 'serve hot with steamed rice', 'traditional limbu community dish rich in protein']"
ghonghi,nepali,appetizer,"['snails', 'onion', 'garlic', 'ginger', 'tomato', 'green chili', 'turmeric powder', 'cumin powder', 'coriander powder', 'red chili powder', 'mustard oil', 'salt', 'fresh coriander', 'lemon juice', 'water']","['clean snails thoroughly by soaking in water multiple times', 'scrub shells clean and rinse well', 'boil snails in salted water with turmeric for 15 minutes', 'drain and remove snail meat from shells', 'clean extracted meat removing any dark parts', 'wash snail meat again and set aside', 'heat mustard oil in pan until smoking', 'add finely chopped onion and sauté until deep golden', 'add minced garlic and grated ginger cook for 2 minutes', 'add chopped tomatoes cook until soft and oil separates', 'add turmeric cumin powder coriander powder and red chili powder', 'cook masala until fragrant', 'add snail meat and stir fry on high heat for 5 minutes', 'add salt and little water', 'cover and cook on low heat for 15 to 20 minutes', 'snail meat should be tender and well coated with masala', 'add slit green chilies and lemon juice', 'stir fry on high for 2 minutes to dry excess moisture', 'garnish with fresh coriander', 'serve hot with chiura or rice', 'traditional tharu community delicacy']"

dhikri,nepali,main dish,"['rice flour', 'water', 'salt', 'ghee', 'black lentils', 'onion', 'garlic', 'ginger', 'tomato', 'turmeric powder', 'cumin powder', 'coriander powder', 'red chili powder', 'mustard oil', 'fresh coriander', 'green chili']","['for dhikri bring water to boil add salt', 'slowly add rice flour to boiling water stirring continuously', 'keep stirring on low heat until mixture forms dough', 'dough should be smooth and firm', 'remove from heat let cool enough to handle', 'grease hands with oil knead dough until smooth', 'divide dough into portions shape into cylindrical logs', 'each log should be about 4 inches long and 1 inch thick', 'place dhikri logs in steamer basket', 'steam for 15 to 20 minutes until firm and cooked through', 'dhikri should be chewy and hold shape', 'remove from steamer let cool slightly', 'cut into bite sized pieces', 'for dal soak black lentils boil with turmeric and salt until tender', 'prepare tadka with mustard oil onion garlic ginger and tomatoes', 'add cumin coriander and red chili powder', 'pour tadka over dal and simmer', 'add dhikri pieces to dal or serve separately', 'dhikri can also be served with spicy chutney', 'garnish with fresh coriander and green chili', 'traditional tharu community staple food']"
bagiya,nepali,snack,"['rice flour', 'water', 'salt', 'onion', 'garlic', 'ginger', 'green chili', 'turmeric powder', 'cumin powder', 'mustard oil', 'fresh coriander', 'black lentil paste']","['mix rice flour with warm water and salt to make soft dough', 'dough should be pliable and smooth', 'cover and rest for 15 minutes', 'for filling soak black lentils grind into thick paste', 'add finely chopped onion garlic ginger and green chili to paste', 'add turmeric cumin powder and salt mix well', 'divide rice dough into small portions', 'flatten each portion into small disc on greased palm', 'place spoonful of lentil filling in center', 'fold edges and seal to form half moon or round shape', 'ensure complete sealing no filling should be exposed', 'place bagiya in greased steamer basket', 'steam for 12 to 15 minutes until wrapper is translucent', 'bagiya should be soft and glossy when done', 'can be eaten steamed or shallow fried after steaming', 'for fried version cool steamed bagiya', 'shallow fry in mustard oil until golden and crispy', 'serve hot with tomato achar or spicy chutney', 'traditional tharu community snack']"
tarua,nepali,snack,"['gram flour', 'rice flour', 'water', 'salt', 'turmeric powder', 'red chili powder', 'cumin powder', 'vegetable oil', 'onion', 'green chili', 'potato', 'eggplant', 'pumpkin', 'fresh coriander']","['slice vegetables thinly potato eggplant and pumpkin', 'soak sliced vegetables in salted water for 10 minutes', 'drain and pat dry', 'in bowl mix gram flour and rice flour', 'add turmeric red chili powder cumin powder and salt', 'add finely chopped onion green chili and fresh coriander', 'gradually add water whisking to make thick batter', 'batter should coat vegetables evenly', 'heat oil in deep pan for deep frying', 'dip each vegetable slice in batter coat well', 'carefully slide into hot oil', 'fry on medium heat until golden brown and crispy', 'turn occasionally for even cooking', 'remove and drain on paper towels', 'tarua should be crispy outside with tender vegetable inside', 'sprinkle chat masala on top if desired', 'serve hot with mint chutney or tomato ketchup', 'popular maithili community snack during festivals']"
bhakka,nepali,breakfast,"['rice flour', 'water', 'sugar', 'salt', 'grated coconut', 'cardamom powder', 'ghee']","['soak rice flour in water for 2 hours', 'drain excess water the flour should be damp not wet', 'add sugar salt and cardamom powder to damp flour', 'mix gently with fingers to incorporate ingredients', 'flour mixture should be crumbly and damp like wet sand', 'heat steamer or traditional bhakka pot', 'place thin cloth over steamer surface', 'sprinkle layer of damp rice flour mixture evenly', 'cover and steam for 5 to 7 minutes', 'check by touching flour should be cooked and fluffy', 'remove steamed layer carefully without breaking', 'sprinkle grated coconut on top', 'drizzle ghee over hot bhakka', 'bhakka should be soft fluffy and slightly sweet', 'cut into pieces and serve immediately', 'traditional maithili breakfast delicacy', 'best eaten hot straight from steamer']"
tomato achar,nepali,side dish,"['tomato', 'green chili', 'garlic', 'ginger', 'mustard oil', 'salt', 'lemon juice', 'fresh coriander', 'fenugreek seeds', 'turmeric powder', 'red chili powder']","['roast whole tomatoes directly over open flame or in hot pan', 'roast until skin is charred and blistered on all sides', 'tomatoes should be soft and cooked inside', 'let tomatoes cool slightly', 'peel off charred skin discard', 'in mortar crush garlic ginger and green chilies', 'add peeled roasted tomatoes and crush together', 'traditional method uses stone mortar for authentic texture', 'alternatively pulse in blender for chunky texture', 'heat mustard oil in small pan until smoking', 'add fenugreek seeds until they turn dark', 'pour hot oil over crushed tomato mixture', 'it will sizzle and release aroma', 'add salt turmeric powder and red chili powder', 'add fresh lemon juice', 'mix well adjust seasoning', 'tomato achar should be tangy spicy and smoky', 'garnish with fresh coriander', 'serve at room temperature with dal bhat or momo', 'stays fresh refrigerated for 3 to 4 days']"

lapsi ko achar,nepali,side dish,"['lapsi', 'sugar', 'salt', 'red chili powder', 'cumin powder', 'timur pepper', 'mustard oil', 'fenugreek seeds', 'garlic', 'lemon juice', 'water']","['wash lapsi thoroughly and remove stems', 'boil lapsi in water until soft and tender about 15 to 20 minutes', 'drain and let cool slightly', 'peel off skin and remove large seeds', 'mash lapsi pulp roughly keeping some chunky texture', 'heat mustard oil in pan until smoking', 'add fenugreek seeds and let them turn dark', 'add finely chopped garlic fry until golden', 'remove from heat let oil cool slightly', 'add mashed lapsi pulp to the oil', 'add sugar salt red chili powder and cumin powder', 'add crushed timur pepper for numbing heat', 'mix everything thoroughly', 'cook on low heat for 5 minutes stirring continuously', 'lapsi mixture should thicken and become jammy', 'add lemon juice and mix well', 'taste and adjust sweet sour and spicy balance', 'lapsi achar should be sweet tangy and spicy', 'let cool completely', 'transfer to clean dry jar', 'refrigerate and serve as condiment with dal bhat', 'stays fresh refrigerated for several weeks']"
mula ko achar,nepali,side dish,"['radish', 'salt', 'turmeric powder', 'red chili powder', 'mustard oil', 'fenugreek seeds', 'garlic', 'green chili', 'lemon juice', 'fresh coriander', 'water']","['choose fresh firm radish wash and peel', 'cut radish into thin matchstick strips or julienne', 'spread radish strips on clean cloth', 'sun dry for 4 to 6 hours or until slightly wilted', 'radish should lose some moisture but not be completely dry', 'in bowl mix dried radish with salt and turmeric powder', 'massage salt and turmeric into radish strips', 'let it sit for 30 minutes radish will release water', 'squeeze out excess water from radish', 'heat mustard oil until smoking', 'add fenugreek seeds until dark', 'add sliced garlic and green chilies fry until golden', 'remove from heat and let oil cool to warm', 'pour oil mixture over radish', 'add red chili powder and lemon juice', 'mix everything thoroughly by hand', 'pack tightly into clean glass jar', 'press down to remove air pockets', 'keep at room temperature for 1 to 2 days to pickle', 'achar will develop tangy fermented flavor', 'store refrigerated after fermentation', 'serve as side dish with dal bhat', 'traditional winter pickle']"
khalpi ko achar,nepali,side dish,"['cucumber', 'salt', 'mustard oil', 'fenugreek seeds', 'red chili powder', 'turmeric powder', 'garlic', 'green chili', 'sesame powder', 'lemon juice']","['choose small firm cucumbers wash thoroughly', 'make cross slits in cucumbers keeping base intact', 'slits should be deep but cucumber should hold together', 'in bowl mix generous salt with turmeric powder', 'stuff salt mixture into cucumber slits', 'place stuffed cucumbers in clean jar', 'cover and keep in sun for 3 to 4 days', 'cucumbers will release water and ferment', 'shake jar daily to distribute brine', 'after fermentation cucumbers will be soft and tangy', 'remove cucumbers from brine squeeze excess liquid', 'cut fermented cucumbers into bite sized pieces', 'heat mustard oil until smoking', 'add fenugreek seeds until dark', 'add sliced garlic and green chili fry until golden', 'remove from heat and let cool', 'add red chili powder and roasted sesame powder to oil', 'mix oil mixture with fermented cucumber pieces', 'add lemon juice and mix well', 'khalpi achar is tangy spicy and crunchy', 'serve as side dish with dal bhat or chiura', 'traditional newari fermented pickle']"
khursani ko achar,nepali,side dish,"['dalle khursani', 'akabare chili', 'garlic', 'salt', 'mustard oil', 'fenugreek seeds', 'lemon juice', 'turmeric powder']","['wash fresh green or red chilies thoroughly', 'dalle khursani are round cherry peppers akabare are small hot peppers', 'pat chilies completely dry no moisture', 'make small slit in each chili for flavors to penetrate', 'crush garlic cloves roughly', 'heat mustard oil in pan until smoking', 'add fenugreek seeds until they turn dark', 'remove from heat and let oil cool completely', 'in clean dry jar layer chilies with crushed garlic', 'sprinkle salt and turmeric powder between layers', 'pour cooled oil over chilies until fully submerged', 'add lemon juice', 'close jar tightly and shake well', 'keep jar in sun for 3 to 4 days shaking daily', 'chilies will soften and absorb oil and flavors', 'oil acts as natural preservative', 'after pickling store at room temperature or refrigerate', 'achar stays good for months', 'serve as spicy condiment with dal bhat or snacks', 'intensely hot and flavorful handle with care']"
phulauri,nepali,snack,"['gram flour', 'onion', 'green chili', 'garlic', 'ginger', 'turmeric powder', 'cumin powder', 'red chili powder', 'salt', 'water', 'vegetable oil', 'baking soda', 'fresh coriander']","['finely chop onion green chili garlic and ginger', 'in mixing bowl add gram flour', 'add all chopped ingredients', 'add turmeric cumin powder red chili powder and salt', 'add pinch of baking soda for fluffiness', 'add fresh chopped coriander', 'gradually add water and whisk into thick batter', 'batter should be thick enough to drop from spoon', 'beat batter vigorously for 2 minutes to incorporate air', 'heat oil in deep pan for deep frying', 'oil should be medium hot', 'using hands or spoon drop small portions of batter into oil', 'fry in batches do not overcrowd', 'phulauri will puff up and float when cooking', 'turn occasionally for even golden color', 'fry until crispy and golden brown on all sides', 'phulauri should be crispy outside soft and fluffy inside', 'remove and drain on paper towels', 'serve hot with mint chutney or tomato ketchup', 'sprinkle chat masala on top if desired', 'popular tea time snack across nepal']"
aloo parotha,nepali,breakfast,"['whole wheat flour', 'all-purpose flour', 'potato', 'onion', 'green chili', 'garlic', 'ginger', 'turmeric powder', 'cumin powder', 'red chili powder', 'garam masala', 'salt', 'fresh coriander', 'ghee', 'vegetable oil', 'water', 'yogurt']","['for dough mix whole wheat flour and all purpose flour with salt', 'add little oil and water knead into soft smooth dough', 'cover and rest for 20 minutes', 'boil potatoes until tender peel and mash thoroughly', 'finely chop onion green chili garlic and ginger', 'in bowl mix mashed potatoes with chopped ingredients', 'add turmeric cumin powder red chili powder garam masala and salt', 'add fresh chopped coriander', 'mix filling thoroughly', 'divide dough into equal balls', 'divide filling into equal portions', 'roll one dough ball into small disc', 'place filling portion in center', 'gather edges and seal completely', 'flatten filled dough and roll gently into parotha', 'roll carefully to prevent filling from breaking through', 'heat tawa on medium high heat', 'place rolled parotha on hot tawa', 'cook first side until brown spots appear', 'flip and apply ghee on cooked side', 'flip again apply ghee on other side', 'cook until both sides are golden and crispy', 'press edges with spatula for even cooking', 'parotha should be flaky with slight char', 'serve hot with yogurt pickle and butter on top', 'popular breakfast across nepal']"

sapu mhicha,nepali,appetizer,"['buff tripe', 'bone marrow', 'garlic', 'ginger', 'green chili', 'onion', 'turmeric powder', 'cumin powder', 'coriander powder', 'red chili powder', 'salt', 'mustard oil', 'fresh coriander', 'fenugreek seeds', 'lemon juice', 'water']","['clean buff tripe thoroughly with salt and water multiple times', 'cut tripe into rectangular strips about 4 inches by 3 inches', 'boil tripe strips with turmeric and salt until tender about 45 minutes', 'drain and set aside', 'extract bone marrow from buffalo bones', 'marinate bone marrow with minced garlic ginger salt and cumin powder', 'place portion of marinated bone marrow in center of each tripe strip', 'fold tripe over marrow and seal edges', 'use toothpick or thread to secure the packet', 'heat mustard oil in pan until smoking', 'add fenugreek seeds until dark', 'add sliced onion and sauté until golden', 'add minced garlic and ginger cook for 1 minute', 'add turmeric cumin powder coriander powder and red chili powder', 'stir masala for 1 minute', 'carefully place stuffed tripe packets in pan', 'add little water cover and cook on low heat', 'cook for 15 to 20 minutes turning gently once', 'tripe should be well coated with masala', 'remove toothpicks or thread before serving', 'sapu mhicha should be rich flavorful and unique', 'garnish with fresh coriander and lemon juice', 'serve hot as special newari delicacy']"
shaphale,nepali,appetizer,"['all-purpose flour', 'water', 'ground buff', 'onion', 'garlic', 'ginger', 'green onion', 'soy sauce', 'sesame oil', 'salt', 'cumin powder', 'garam masala', 'vegetable oil', 'egg']","['mix flour with water and pinch of salt knead into smooth dough', 'cover and rest for 30 minutes', 'finely chop onion garlic ginger and green onion', 'mix ground buff with chopped vegetables', 'add soy sauce sesame oil cumin powder garam masala and salt', 'mix filling thoroughly', 'divide dough into balls slightly larger than momo dough', 'roll each ball into thin circle about 5 inches diameter', 'place generous portion of filling on one half of circle', 'brush edges with beaten egg', 'fold other half over filling creating half moon shape', 'press edges firmly and crimp with fork to seal', 'shaphale should be larger and flatter than momo', 'heat oil in deep pan for deep frying', 'oil should be medium hot', 'carefully slide shaphale into hot oil', 'fry for 5 to 6 minutes turning once', 'shaphale should be golden brown and crispy on both sides', 'outer layer should be flaky and crunchy', 'remove and drain on paper towels', 'serve hot with tomato achar or chili chutney', 'traditional sherpa meat pie']"
thenthuk,nepali,soup,"['all-purpose flour', 'water', 'buff meat with bone', 'radish', 'carrot', 'onion', 'garlic', 'ginger', 'tomato', 'green chili', 'turmeric powder', 'cumin powder', 'salt', 'mustard oil', 'fresh coriander', 'spring onion', 'timur pepper', 'soy sauce']","['mix flour with water and salt knead into firm smooth dough', 'cover with damp cloth rest for 30 minutes', 'cut meat into bite sized chunks with bone', 'heat mustard oil in large pot', 'add chopped onion garlic and ginger sauté until golden', 'add meat pieces and stir fry until browned', 'add chopped tomatoes turmeric cumin powder and salt', 'add water generously and bring to boil', 'reduce heat cover and simmer for 40 minutes until meat is tender', 'add diced radish and carrot cook until tender', 'add soy sauce and crushed timur pepper', 'soup should be rich and flavorful', 'take rested dough and flatten into rectangle', 'cut dough into thin strips', 'stretch each strip by hand pulling gently', 'then tear off bite sized pieces directly into boiling soup', 'hand pull and drop dough pieces one by one', 'cook for 3 to 4 minutes until noodles float', 'noodles will be irregular shapes thick and chewy', 'add slit green chilies', 'garnish with fresh coriander and chopped spring onion', 'serve piping hot in deep bowls', 'traditional sherpa hand pulled noodle soup']"
lalmohan,nepali,dessert,"['khoya', 'all-purpose flour', 'baking soda', 'ghee', 'sugar', 'water', 'cardamom powder', 'saffron strands', 'vegetable oil', 'chopped pistachio']","['grate or crumble khoya finely', 'mix khoya with all purpose flour and pinch of baking soda', 'add little ghee and knead into soft smooth dough', 'dough should be soft and not crack when rolled', 'divide dough into small equal balls', 'roll each ball between palms into smooth round balls', 'ensure no cracks on surface', 'heat oil in deep pan for deep frying', 'oil should be warm not hot low temperature is key', 'fry balls on very low heat for 10 to 12 minutes', 'stir continuously for even cooking', 'lalmohan will slowly puff up and turn golden', 'they should be cooked through and hollow inside', 'remove and drain on paper towels', 'for syrup mix sugar and equal water', 'add cardamom powder and saffron strands', 'boil until one string consistency', 'keep syrup warm', 'drop fried lalmohan into warm syrup', 'let soak for 30 minutes to 1 hour', 'lalmohan will absorb syrup and become soft', 'they will double in size', 'garnish with chopped pistachios', 'serve warm or at room temperature', 'popular nepali sweet for festivals and celebrations']"
khapse,nepali,dessert,"['all-purpose flour', 'sugar', 'ghee', 'water', 'baking powder', 'salt', 'vegetable oil']","['mix flour baking powder and pinch of salt', 'add melted ghee and rub into flour until crumbly', 'add sugar and mix well', 'gradually add water knead into stiff smooth dough', 'dough should be firm and not sticky', 'cover and rest for 20 minutes', 'divide dough into portions', 'roll each portion to quarter inch thickness', 'cut into rectangular strips about 3 inches by 1 inch', 'make 2 to 3 small slits in center of each strip', 'separate slits slightly', 'heat oil in deep pan for deep frying', 'oil should be medium hot', 'carefully slide dough strips into hot oil', 'fry in batches do not overcrowd', 'fry on medium heat until golden brown and crispy', 'khapse should be light crunchy and slightly sweet', 'turn occasionally for even color', 'remove and drain on paper towels', 'let cool completely', 'store in airtight container', 'khapse stays crispy for several weeks', 'traditional sherpa and tibetan festival biscuit', 'essential during losar celebration']"
rasbari,nepali,dessert,"['whole milk', 'lemon juice', 'sugar', 'water', 'cardamom powder', 'saffron strands', 'ice cubes']","['bring milk to boil in heavy bottom pot', 'once boiling reduce heat and add lemon juice gradually', 'stir gently milk will curdle and separate', 'greenish whey should separate from white curds', 'remove from heat immediately', 'strain through muslin cloth collect chenna', 'wash chenna under cold water to remove lemon taste', 'hang muslin cloth for 30 minutes to drain excess water', 'chenna should be crumbly and dry', 'transfer chenna to plate and knead for 5 to 7 minutes', 'knead until smooth and soft', 'cook kneaded chenna in non stick pan on low heat for 3 minutes', 'this step is optional helps binding', 'divide into equal portions', 'roll each into smooth round balls without cracks', 'for syrup mix sugar and water in wide pot', 'add cardamom powder and saffron', 'bring to boil', 'gently drop chenna balls into boiling syrup', 'cover and cook on medium heat for 15 minutes', 'balls will double in size and become spongy', 'add ice cubes to syrup to prevent further cooking', 'let rasbari cool in syrup', 'refrigerate and serve chilled', 'spongy soft and syrup soaked sweet']"
barfi,nepali,dessert,"['khoya', 'sugar', 'ghee', 'cardamom powder', 'chopped pistachio', 'almond', 'saffron strands', 'water']","['grate or crumble khoya finely', 'heat ghee in heavy bottom non stick pan', 'add grated khoya and cook on low heat', 'stir continuously for 5 to 7 minutes', 'khoya should become soft and release aroma', 'add sugar and mix well', 'sugar will melt and mixture will become liquid', 'keep stirring on low heat until mixture thickens', 'cook until mixture leaves sides of pan', 'add cardamom powder and saffron strands', 'mix well and remove from heat', 'grease flat plate or tray with ghee', 'pour barfi mixture onto greased plate', 'spread evenly to about half inch thickness', 'sprinkle chopped pistachios and almonds on top', 'press gently with spatula', 'let cool at room temperature for 1 hour', 'barfi will set and firm up', 'cut into diamond or square shapes', 'separate pieces carefully', 'store in airtight container', 'stays fresh refrigerated for 1 to 2 weeks', 'popular nepali milk fudge sweet']"

mula ko tarkari,nepali,side dish,"['white radish', 'potato', 'onion', 'garlic', 'ginger', 'tomato', 'green chili', 'turmeric powder', 'cumin powder', 'coriander powder', 'red chili powder', 'mustard oil', 'salt', 'fresh coriander', 'fenugreek seeds', 'water']","['peel radish and potato cut into medium cubes', 'soak radish pieces in water for 10 minutes to reduce bitterness', 'drain and set aside', 'heat mustard oil in pan until smoking', 'add fenugreek seeds until they turn dark', 'add finely chopped onion and sauté until golden brown', 'add minced garlic and grated ginger cook for 2 minutes', 'add chopped tomatoes cook until soft and oil separates', 'add turmeric cumin powder coriander powder red chili powder and salt', 'cook masala until fragrant about 2 minutes', 'add potato cubes first stir to coat with masala', 'cook potatoes for 5 minutes', 'add radish cubes and mix well', 'add splash of water cover and cook on low heat', 'cook for 15 to 20 minutes until both vegetables are tender', 'stir occasionally and add water only if needed', 'radish will release its own moisture', 'add slit green chilies', 'garnish with fresh coriander', 'serve hot with dal bhat']"
karela tarkari,nepali,side dish,"['bitter gourd', 'potato', 'onion', 'garlic', 'ginger', 'tomato', 'green chili', 'turmeric powder', 'cumin powder', 'coriander powder', 'red chili powder', 'mustard oil', 'salt', 'lemon juice', 'water']","['wash bitter gourd and slice into thin rounds', 'sprinkle salt over sliced karela and let sit for 20 minutes', 'this draws out bitterness squeeze and discard liquid', 'rinse karela slices and pat dry', 'peel and dice potato into small cubes', 'heat mustard oil in pan until smoking', 'shallow fry karela slices until lightly browned remove and set aside', 'in same oil add finely chopped onion sauté until golden', 'add minced garlic and grated ginger cook for 2 minutes', 'add chopped tomatoes cook until soft and oil separates', 'add turmeric cumin powder coriander powder red chili powder and salt', 'cook masala until fragrant', 'add diced potatoes stir to coat with masala', 'add little water cover and cook until potatoes are half done', 'add fried karela slices mix gently', 'cover and cook on low heat until both vegetables are tender', 'do not add too much water karela tarkari should be dry', 'add slit green chilies and lemon juice', 'lemon juice balances bitterness', 'garnish with fresh coriander', 'serve hot with dal bhat']"
iskus tarkari,nepali,side dish,"['chayote squash', 'potato', 'onion', 'garlic', 'ginger', 'tomato', 'green chili', 'turmeric powder', 'cumin powder', 'coriander powder', 'mustard oil', 'salt', 'fresh coriander', 'fenugreek seeds', 'water']","['peel chayote squash under running water to avoid sticky sap', 'cut iskus in half remove soft seed in center', 'cut into medium cubes', 'peel and dice potato into similar sized cubes', 'heat mustard oil in pan until smoking', 'add fenugreek seeds until they turn dark', 'add finely chopped onion and sauté until soft', 'add minced garlic and grated ginger cook for 1 minute', 'add chopped tomatoes cook until soft', 'add turmeric cumin powder coriander powder and salt', 'stir masala for 1 minute', 'add potato cubes first stir to coat with masala', 'cook potatoes for 3 minutes', 'add iskus cubes and mix gently', 'add splash of water cover and cook on low heat', 'iskus releases water so minimal water needed', 'cook for 15 minutes until both vegetables are tender', 'iskus should be soft but not mushy', 'add slit green chilies', 'garnish with fresh coriander', 'serve hot with dal bhat']"
farsi ko munta tarkari,nepali,side dish,"['pumpkin shoots', 'potato', 'onion', 'garlic', 'ginger', 'tomato', 'green chili', 'turmeric powder', 'cumin powder', 'mustard oil', 'salt', 'fresh coriander', 'water']","['harvest tender pumpkin shoots and tendrils', 'peel off fibrous outer skin from stems', 'cut shoots into 2 inch pieces', 'wash thoroughly to remove any dirt', 'peel and dice potato into small cubes', 'heat mustard oil in pan until smoking', 'add finely chopped onion and sauté until soft', 'add minced garlic and grated ginger cook for 1 minute', 'add chopped tomatoes cook until soft', 'add turmeric and cumin powder stir', 'add diced potatoes first stir to coat with masala', 'add salt and little water cook potatoes for 5 minutes', 'add pumpkin shoots and mix well', 'cover and cook on low heat for 10 to 12 minutes', 'shoots will release their own moisture', 'do not add too much water', 'cook until shoots are tender and potatoes are done', 'the dish should be dry with soft greens', 'add slit green chilies', 'garnish with fresh coriander', 'serve hot with dal bhat']"

rayo ko saag,nepali,side dish,"['mustard greens', 'onion', 'garlic', 'ginger', 'green chili', 'tomato', 'turmeric powder', 'cumin powder', 'mustard oil', 'salt', 'butter', 'lemon juice', 'water']","['wash mustard greens thoroughly in multiple changes of water', 'remove tough stems and chop leaves roughly', 'bring pot of water to boil add pinch of salt', 'blanch mustard greens in boiling water for 2 minutes', 'drain and immediately plunge in cold water to retain green color', 'drain well and squeeze out excess water', 'chop blanched greens finely', 'heat mustard oil in pan until smoking', 'add finely chopped onion and sauté until golden', 'add minced garlic and grated ginger cook for 2 minutes', 'add chopped tomatoes and slit green chili cook until soft', 'add turmeric and cumin powder stir for 30 seconds', 'add chopped mustard greens and salt', 'stir fry on medium heat for 5 minutes', 'cover and cook on low heat for 10 minutes', 'stir occasionally greens should be tender', 'add small piece of butter at the end mix well', 'butter mellows the slight bitterness of mustard greens', 'add lemon juice to brighten flavor', 'rayo ko saag should be soft flavorful and slightly creamy', 'serve hot with makai ko roti or steamed rice']"
sisnu tarkari,nepali,side dish,"['stinging nettle', 'onion', 'garlic', 'ginger', 'tomato', 'green chili', 'turmeric powder', 'cumin powder', 'mustard oil', 'salt', 'fresh coriander', 'lemon juice', 'water']","['wear gloves to handle fresh nettle leaves', 'pluck tender nettle leaves from stems discard tough stalks', 'wash nettle leaves thoroughly in water', 'blanch nettle leaves in boiling water for 3 to 4 minutes', 'this removes the sting and makes leaves safe to handle', 'drain and squeeze out excess water', 'chop blanched nettle roughly', 'heat mustard oil in pan until smoking', 'add finely chopped onion and sauté until golden brown', 'add minced garlic and grated ginger cook for 2 minutes', 'add chopped tomatoes cook until soft', 'add turmeric cumin powder and salt stir for 1 minute', 'add chopped nettle leaves and mix well', 'stir fry on medium heat for 5 minutes', 'add little water cover and cook on low heat for 10 minutes', 'nettle should be tender and well coated with masala', 'add slit green chili', 'add lemon juice to enhance flavor', 'garnish with fresh coriander', 'sisnu tarkari is nutritious and earthy', 'serve hot with rice or dhido']"
ningro with potato,nepali,side dish,"['fiddlehead fern', 'potato', 'onion', 'garlic', 'ginger', 'tomato', 'green chili', 'turmeric powder', 'cumin powder', 'coriander powder', 'mustard oil', 'salt', 'fresh coriander', 'timur pepper', 'water']","['clean fiddlehead ferns thoroughly remove any brown scales', 'trim tough ends and cut into 2 inch pieces', 'blanch ningro in boiling salted water for 3 minutes', 'drain and rinse with cold water set aside', 'peel and dice potato into medium cubes', 'heat mustard oil in pan until smoking', 'add finely chopped onion and sauté until golden', 'add minced garlic and grated ginger cook for 2 minutes', 'add chopped tomatoes cook until soft and oil separates', 'add turmeric cumin powder coriander powder and salt', 'stir masala for 1 minute', 'add diced potatoes first stir to coat with masala', 'add little water cover and cook for 5 minutes', 'add blanched ningro and mix gently with potatoes', 'cover and cook on low heat for 10 minutes', 'ningro should be tender but still have slight bite', 'do not overcook or they become mushy', 'add slit green chili and crushed timur pepper', 'timur pepper enhances the wild flavor of ningro', 'garnish with fresh coriander', 'serve hot with steamed rice']"
jimbu potato curry,nepali,side dish,"['potato', 'jimbu', 'onion', 'garlic', 'ginger', 'tomato', 'green chili', 'turmeric powder', 'cumin powder', 'mustard oil', 'salt', 'fresh coriander', 'water']","['peel and dice potatoes into medium cubes', 'jimbu is dried himalayan herb similar to chives', 'dry roast jimbu in pan on low heat for 1 minute until fragrant', 'crush jimbu lightly and set aside', 'heat mustard oil in pan until smoking', 'add crushed jimbu to hot oil it will sizzle and release aroma', 'immediately add finely chopped onion', 'sauté onion until golden brown', 'add minced garlic and grated ginger cook for 2 minutes', 'add chopped tomatoes cook until soft and oil separates', 'add turmeric and cumin powder stir for 30 seconds', 'add diced potatoes and salt', 'stir to coat potatoes with masala', 'add water to create light gravy', 'cover and cook on medium heat until potatoes are tender', 'cook for 15 to 20 minutes stirring occasionally', 'gravy should be thick and coat potatoes', 'add slit green chilies', 'garnish with fresh coriander', 'the jimbu gives distinctive himalayan flavor', 'serve hot with steamed rice']"

gundruk achar,nepali,side dish,"['gundruk', 'onion', 'tomato', 'green chili', 'garlic', 'ginger', 'mustard oil', 'lemon juice', 'salt', 'red chili powder', 'turmeric powder', 'fresh coriander', 'fenugreek seeds', 'sesame powder']","['squeeze gundruk to remove excess brine', 'chop gundruk roughly into small pieces', 'heat mustard oil in pan until smoking', 'add fenugreek seeds until they turn dark', 'add finely chopped onion and sauté until soft', 'add minced garlic and grated ginger cook for 1 minute', 'add chopped tomatoes cook until soft', 'add turmeric and red chili powder stir', 'add chopped gundruk and mix well', 'stir fry on medium heat for 5 minutes', 'gundruk should absorb oil and spices', 'remove from heat and let cool to room temperature', 'add roasted sesame powder', 'add fresh lemon juice', 'finely chop fresh tomato and onion add raw for crunch', 'add chopped green chili', 'mix everything thoroughly', 'gundruk achar should be tangy spicy and crunchy', 'garnish with fresh coriander', 'serve as side dish with dal bhat or chiura', 'can be stored refrigerated for 3 to 4 days']"
ghugni,nepali,side dish,"['dried yellow peas', 'onion', 'garlic', 'ginger', 'tomato', 'green chili', 'turmeric powder', 'cumin powder', 'coriander powder', 'red chili powder', 'garam masala', 'mustard oil', 'salt', 'fresh coriander', 'lemon juice', 'water']","['soak dried yellow peas overnight or minimum 8 hours', 'drain and boil with turmeric and salt until tender but not mushy', 'peas should hold shape drain and reserve cooking water', 'heat mustard oil in pan until smoking', 'add finely chopped onion and sauté until deep golden brown', 'add minced garlic and grated ginger cook for 2 minutes', 'add chopped tomatoes cook until soft and oil separates', 'add cumin powder coriander powder red chili powder and salt', 'cook masala until fragrant', 'add boiled peas and stir gently to coat with masala', 'add reserved cooking water to create thick gravy', 'cover and simmer on low heat for 15 minutes', 'peas should absorb masala flavors', 'sprinkle garam masala on top', 'add slit green chilies and lemon juice', 'ghugni should be thick and flavorful', 'garnish with fresh coriander and chopped onion', 'serve hot with chiura or as street food snack']"
goat liver fry,nepali,appetizer,"['goat liver', 'onion', 'garlic', 'ginger', 'green chili', 'tomato', 'turmeric powder', 'cumin powder', 'coriander powder', 'red chili powder', 'garam masala', 'mustard oil', 'salt', 'fresh coriander', 'lemon juice', 'timur pepper']","['clean goat liver thoroughly remove any membrane', 'cut liver into bite sized cubes', 'marinate liver with turmeric and salt for 15 minutes', 'heat mustard oil in pan until smoking', 'add liver pieces in single layer', 'sear on high heat for 2 minutes each side', 'liver should be browned outside but still pink inside', 'remove liver and set aside do not overcook', 'in same pan add more oil if needed', 'add sliced onion and sauté until golden', 'add minced garlic grated ginger and slit green chili', 'cook for 2 minutes until fragrant', 'add chopped tomatoes cook until soft', 'add cumin powder coriander powder red chili powder and salt', 'cook masala for 2 minutes', 'return liver to pan and toss with masala', 'cook on high heat for 2 to 3 minutes only', 'liver should be just cooked through still tender', 'sprinkle garam masala and crushed timur pepper', 'add lemon juice and fresh coriander', 'toss well and remove from heat immediately', 'serve hot with chiura or as appetizer']"
squash blossom pakoda,nepali,appetizer,"['pumpkin flowers', 'gram flour', 'rice flour', 'onion', 'green chili', 'garlic', 'ginger', 'turmeric powder', 'cumin powder', 'red chili powder', 'salt', 'water', 'vegetable oil', 'baking soda']","['pick fresh pumpkin blossoms male flowers without fruit', 'gently wash blossoms and pat completely dry', 'remove stamens from inside flowers carefully', 'keep flowers whole', 'in bowl mix gram flour and rice flour', 'add finely chopped onion green chili garlic and ginger', 'add turmeric cumin powder red chili powder and salt', 'add pinch of baking soda for crispiness', 'gradually add water whisking to make thick batter', 'batter should be thick enough to coat flowers', 'heat oil in deep pan for deep frying', 'hold each flower by stem dip in batter coat completely', 'carefully slide into hot oil', 'fry in batches do not overcrowd', 'fry on medium heat until golden brown and crispy', 'turn once for even cooking', 'remove and drain on paper towels', 'sprinkle chat masala on top if desired', 'serve hot with mint chutney or tomato ketchup', 'delicate seasonal delicacy']"
chhurpi curry,nepali,main dish,"['chhurpi', 'potato', 'onion', 'garlic', 'ginger', 'tomato', 'green chili', 'turmeric powder', 'cumin powder', 'coriander powder', 'red chili powder', 'mustard oil', 'salt', 'fresh coriander', 'water']","['chhurpi is traditional himalayan hard cheese', 'soak chhurpi in warm water for 1 hour to soften', 'drain and cut into cubes', 'peel and dice potato into medium cubes', 'heat mustard oil in pan until smoking', 'add finely chopped onion and sauté until golden brown', 'add minced garlic and grated ginger cook for 2 minutes', 'add chopped tomatoes cook until soft and oil separates', 'add turmeric cumin powder coriander powder red chili powder and salt', 'cook masala until fragrant', 'add diced potatoes stir to coat with masala', 'add water cover and cook until potatoes are half done', 'add chhurpi cubes and mix gently', 'add more water if needed for gravy', 'cover and simmer on low heat for 15 minutes', 'chhurpi will soften but retain slight chew', 'it absorbs masala flavors while keeping its texture', 'add slit green chilies', 'garnish with fresh coriander', 'serve hot with steamed rice', 'traditional himalayan comfort food']"
wachipa,nepali,side dish,"['soybean', 'green leafy vegetables', 'garlic', 'ginger', 'green chili', 'onion', 'tomato', 'turmeric powder', 'cumin powder', 'mustard oil', 'salt', 'fresh coriander', 'timur pepper', 'water']","['dry roast soybeans in pan until golden and fragrant', 'grind roasted soybeans into coarse powder', 'wash and finely chop green leafy vegetables taro leaves or spinach', 'heat mustard oil in pan until smoking', 'add finely chopped onion and sauté until soft', 'add minced garlic grated ginger and slit green chili', 'cook for 2 minutes', 'add chopped tomatoes cook until soft', 'add turmeric and cumin powder stir', 'add chopped greens and stir fry on high heat', 'greens will wilt and release moisture', 'add salt and cook until greens are tender', 'add ground roasted soybean powder', 'mix thoroughly soybean powder thickens the dish', 'cook on low heat for 5 minutes stirring continuously', 'add crushed timur pepper', 'wachipa should be thick and well combined', 'garnish with fresh coriander', 'serve warm with rice or as side dish', 'traditional rai community dish']"
sukuti curry,nepali,main dish,"['sukuti', 'potato', 'onion', 'garlic', 'ginger', 'tomato', 'green chili', 'turmeric powder', 'cumin powder', 'coriander powder', 'red chili powder', 'garam masala', 'mustard oil', 'salt', 'fresh coriander', 'water']","['cut sukuti into bite sized pieces', 'soak sukuti in warm water for 30 minutes to rehydrate slightly', 'drain and set aside', 'peel and dice potato into medium cubes', 'heat mustard oil in pan until smoking', 'shallow fry sukuti pieces for 2 to 3 minutes until edges crisp', 'remove sukuti and set aside', 'in same oil add finely chopped onion sauté until deep golden', 'add minced garlic and grated ginger cook for 2 minutes', 'add chopped tomatoes cook until soft and oil separates', 'add turmeric cumin powder coriander powder red chili powder and salt', 'cook masala until fragrant about 3 minutes', 'add diced potatoes stir to coat with masala', 'add water cover and cook until potatoes are half done', 'add fried sukuti pieces and mix well', 'add more water for gravy cover and simmer on low heat', 'cook for 20 minutes until potatoes are tender and sukuti is soft', 'sukuti will release its smoky dried meat flavor into gravy', 'sprinkle garam masala', 'add slit green chilies', 'garnish with fresh coriander', 'serve hot with steamed rice']"

gudpak,nepali,dessert,"['khoya', 'sugar', 'ghee', 'cardamom powder', 'chopped nuts', 'almond', 'pistachio', 'cashew', 'coconut', 'saffron strands']","['grate or crumble khoya finely and set aside', 'heat ghee in heavy bottom non stick pan on low heat', 'add grated khoya and start stirring continuously', 'cook khoya on low heat for 10 to 12 minutes', 'stir constantly to prevent sticking or burning', 'khoya will slowly change color to light golden', 'it will release rich nutty aroma', 'add sugar and mix thoroughly', 'sugar will melt and mixture will become soft and liquid', 'continue cooking and stirring on low heat', 'mixture will thicken gradually', 'cook until mixture leaves sides of pan and forms soft mass', 'this takes about 15 to 20 minutes total', 'add cardamom powder and saffron strands', 'add finely chopped almonds cashews and pistachios', 'add grated dry coconut if desired', 'mix everything thoroughly', 'remove from heat', 'grease flat plate or tray with ghee', 'pour hot gudpak mixture onto greased plate', 'spread evenly to about three quarter inch thickness', 'sprinkle chopped nuts on top press gently', 'let cool at room temperature for 2 to 3 hours', 'gudpak will set and become firm', 'cut into square or diamond shapes', 'gudpak should be rich dense and fudge like', 'store in airtight container', 'stays fresh for 2 to 3 weeks', 'traditional nepali sweet for festivals and special occasions']"
